fy,State_Name,Leg_Prof,Term_Limits,Party_Gov,Party_Senate,Party_House,Party_Years_Control,Party_Longevity,Population,Density_Public_Sector_Union,Density_Public_Collect_Barg,Union_Density,Density_Collect_Barg,Right_to_Work,Collective_Barg_Required,Gov_Liberalism,Revenue_Change,Per_Capita_GDP,Protection_Constitution,Protection_Contract_Statute,Protection_ContractJudicial,Protection_Property_Statute,Protection_COLA,Protection_PBI
2001,Alabama,0.067,0,1,1,1,,0,4464034,0.34,,0.10,,1,0,83.07,0.0151,33908,0,3,1,0,2,3
2002,Alabama,0.067,0,1,1,1,,0,4472420,0.30,,0.09,,1,0,83.07,-0.0531,34716,0,3,1,0,2,3
2003,Alabama,0.071,0,0,1,1,,0,4490591,0.27,,0.08,,1,0,46.10,-0.0409,35374,0,3,1,0,2,3
2004,Alabama,0.071,0,0,1,1,,0,4512190,0.26,,0.10,,1,0,46.10,0.0586,37181,0,3,1,0,2,3
2005,Alabama,0.071,0,0,1,1,,0,4545049,0.25,,0.10,,1,0,46.10,0.0623,37887,0,3,1,0,2,3
2006,Alabama,0.071,0,0,1,1,,0,4597688,0.29,,0.09,,1,0,46.10,0.0488,37911,0,3,1,0,2,3
2007,Alabama,0.071,0,0,1,1,,0,4637904,0.33,,0.10,,1,0,45.22,0.0017,37644,0,3,1,0,2,3
2008,Alabama,0.071,0,0,1,1,,0,4677464,0.30,,0.10,,1,0,45.62,-0.0238,37176,0,3,1,0,2,3
2009,Alabama,0.071,0,0,1,1,,0,4708708,0.31,,0.11,,1,0,42.33,-0.0889,35643,0,3,1,0,2,3
2010,Alabama,0.071,0,0,1,1,,0,4785161,0.29,,0.10,,1,0,41.78,-0.0087,36228,0,3,1,0,2,3
2011,Alabama,0.071,0,0,0,0,,0,4801108,0.31,,0.10,,1,0,20.54,-0.0094,36448,0,3,1,0,2,3
2012,Alabama,0.071,0,0,0,0,,0,4816089,0.30,,0.09,,1,0,19.96,0.0234,36695,0,3,2,0,2,3
2013,Alabama,0.071,0,0,0,0,,0,4830533,0.22,,0.11,,1,0,19.06,0.0060,36865,0,3,2,0,2,3
2014,Alabama,0.071,0,0,0,0,22,0,4846411,0.24,,0.11,,1,0,19.06,-0.0162,37083,0,3,2,0,2,3
2015,Alabama,0.071,0,0,0,0,,,4858979,0.27,,0.10,,1,0,,,37597,0,3,2,0,2,3
2001,Alaska,0.232,0,1,0,0,,1,633316,0.42,,0.22,,0,1,50.81,-0.0332,59329,2,0,2,0,2,1
2002,Alaska,0.232,0,1,0,0,,1,642691,0.54,,0.24,,0,1,50.81,-0.2595,60167,2,0,2,0,2,1
2003,Alaska,0.227,0,0,0,0,,1,650884,0.56,,0.22,,0,1,35.99,-0.0038,59169,2,0,2,0,2,1
2004,Alaska,0.227,0,0,0,0,,1,661569,0.55,,0.20,,0,1,35.99,0.1483,60696,2,0,2,0,2,1
2005,Alaska,0.227,0,0,0,0,,1,669488,0.53,,0.23,,0,1,35.99,0.3229,61513,2,0,2,0,2,1
2006,Alaska,0.227,0,0,0,0,,1,677325,0.55,,0.22,,0,1,35.99,0.2785,64670,2,0,2,0,2,1
2007,Alaska,0.227,0,0,0,0,,1,682297,0.53,,0.24,,0,1,35.99,0.4333,67399,2,0,2,0,2,1
2008,Alaska,0.227,0,0,0,0,,1,688125,0.56,,0.24,,0,1,39.03,1.2578,67563,2,0,2,0,2,1
2009,Alaska,0.227,0,0,1,0,,1,698473,0.52,,0.22,,0,1,42.48,-0.4399,72277,2,0,2,0,2,1
2010,Alaska,0.227,0,0,1,0,,1,714021,0.49,,0.23,,0,1,42.48,-0.1210,69682,2,0,2,0,2,1
2011,Alaska,0.227,0,0,1,0,,1,722720,0.49,,0.22,,0,1,40.47,0.1727,71233,2,0,2,0,2,1
2012,Alaska,0.227,0,0,1,0,,1,731228,0.42,,0.22,,0,1,42.48,0.2322,74289,2,0,2,0,2,1
2013,Alaska,0.227,0,0,0,0,,1,737442,0.46,,0.23,,0,1,35.44,-0.2883,69746,2,0,2,0,2,1
2014,Alaska,0.227,0,0,0,0,6,1,737046,0.51,,0.23,,0,1,35.44,-0.3491,67366,2,0,2,0,2,1
2015,Alaska,0.227,0,0,0,0,,,738432,0.46,,0.20,,0,1,,,66835,2,0,2,0,2,1
2001,Arizona,0.185,1,0,1,0,,1,5304417,0.17,,0.06,,1,0,16.74,-0.0184,39258,2,0,2,0,3,2
2002,Arizona,0.185,1,0,1,0,,1,5452108,0.19,,0.06,,1,0,16.74,-0.0247,39387,2,0,2,0,3,2
2003,Arizona,0.232,1,1,0,0,,1,5591206,0.16,,0.05,,1,0,54.48,-0.0179,40763,2,0,2,0,3,2
2004,Arizona,0.232,1,1,0,0,,1,5759425,0.17,,0.06,,1,0,54.48,0.0525,41169,2,0,2,0,3,2
2005,Arizona,0.232,1,1,0,0,,1,5974834,0.17,,0.06,,1,0,51.67,0.0696,42957,2,0,2,0,3,2
2006,Arizona,0.232,1,1,0,0,,1,6192100,0.20,,0.08,,1,0,51.67,0.1377,44018,2,0,2,0,3,2
2007,Arizona,0.232,1,1,0,0,,1,6362241,0.23,,0.09,,1,0,49.71,0.0255,44199,2,0,2,0,3,2
2008,Arizona,0.232,1,1,0,0,,1,6499377,0.19,,0.09,,1,0,49.71,-0.1358,42168,2,0,2,0,3,2
2009,Arizona,0.232,1,0,0,0,,1,6595778,0.21,,0.07,,1,0,5.46,-0.1591,38325,2,0,2,0,3,2
2010,Arizona,0.232,1,0,0,0,,1,6408208,0.25,,0.06,,1,0,5.46,-0.0631,38170,2,0,2,0,3,2
2011,Arizona,0.232,1,0,0,0,,1,6468732,0.18,,0.06,,1,0,4.11,0.0988,38442,2,0,2,0,3,2
2012,Arizona,0.232,1,0,0,0,,1,6553262,0.18,,0.05,,1,0,4.11,0.0246,38732,2,0,2,0,3,2
2013,Arizona,0.232,1,0,0,0,,1,6630799,0.15,,0.05,,1,0,4.51,0.0097,38303,2,0,2,0,3,2
2014,Arizona,0.232,1,0,0,0,8,1,6728783,0.17,,0.05,,1,0,3.02,-0.0580,38438,2,0,2,0,3,0
2015,Arizona,0.232,1,0,0,0,,,6828065,0.18,,0.05,,1,0,,,38244,2,0,2,0,3,0
2001,Arkansas,0.104,0,0,1,1,,1,2691068,0.16,,0.06,,1,0,47.31,-0.0097,31883,0,1,1,0,2,3
2002,Arkansas,0.104,0,0,1,1,,1,2704732,0.15,,0.06,,1,0,47.31,0.0162,32647,0,1,1,0,2,3
2003,Arkansas,0.106,0,0,1,1,,1,2722291,0.11,,0.05,,1,0,46.89,-0.0344,33792,0,1,1,0,2,3
2004,Arkansas,0.106,0,0,1,1,,1,2746161,0.13,,0.05,,1,0,46.89,0.0465,35021,0,1,1,0,2,3
2005,Arkansas,0.106,0,0,1,1,,1,2776221,0.12,,0.05,,1,0,46.89,0.1205,35610,0,1,1,0,2,3
2006,Arkansas,0.106,0,0,1,1,,1,2815097,0.11,,0.05,,1,0,46.89,0.0240,36161,0,1,1,0,2,3
2007,Arkansas,0.106,0,1,1,1,,1,2842194,0.11,,0.05,,1,0,74.58,0.0151,35889,0,1,1,0,2,3
2008,Arkansas,0.106,0,1,1,1,,1,2867764,0.16,,0.06,,1,0,74.58,-0.0271,35774,0,1,1,0,2,3
2009,Arkansas,0.106,0,1,1,1,,1,2889450,0.13,,0.04,,1,0,74.58,-0.0127,34554,0,1,1,0,2,3
2010,Arkansas,0.106,0,1,1,1,,1,2922394,0.10,,0.04,,1,0,74.58,-0.0128,35344,0,1,1,0,2,3
2011,Arkansas,0.106,0,1,1,1,,1,2938538,0.13,,0.04,,1,0,68.77,0.0143,35867,0,1,1,0,2,3
2012,Arkansas,0.106,0,1,1,1,,1,2949499,0.12,,0.03,,1,0,68.49,0.0169,35753,0,1,1,0,2,3
2013,Arkansas,0.106,0,1,0,0,,1,2957957,0.12,,0.04,,1,0,48.90,0.0180,36571,0,1,1,0,2,3
2014,Arkansas,0.106,0,1,0,0,32,1,2966835,0.15,,0.05,,1,0,48.90,0.0215,37252,0,1,1,0,2,3
2015,Arkansas,0.106,0,0,0,0,,,2978204,0.14,,0.05,,1,0,,,37644,0,1,1,0,2,3
2001,California,0.57,1,1,1,1,,1,34485623,0.55,,0.16,,0,1,89.25,0.0340,47786,0,2,2,0,0,3
2002,California,0.57,1,1,1,1,,1,34876194,0.55,,0.18,,0,1,89.25,-0.1635,48417,0,2,2,0,0,3
2003,California,0.626,1,1,1,1,,1,35251107,0.55,,0.17,,0,1,89.68,-0.0145,49815,0,2,2,0,0,3
2004,California,0.626,1,0,1,1,,1,35558419,0.59,,0.17,,0,1,51.75,0.0444,51424,0,2,2,0,0,3
2005,California,0.626,1,0,1,1,,1,35795255,0.57,,0.17,,0,1,50.92,0.1029,53092,0,2,2,0,0,3
2006,California,0.626,1,0,1,1,,1,35979208,0.57,,0.16,,0,1,50.92,0.0895,54508,0,2,2,0,0,3
2007,California,0.626,1,0,1,1,,1,36226122,0.56,,0.17,,0,1,50.56,-0.0041,55008,0,2,2,0,0,3
2008,California,0.626,1,0,1,1,,1,36580371,0.57,,0.18,,0,1,50.16,-0.0238,54713,0,2,2,0,0,3
2009,California,0.626,1,0,1,1,,1,36961664,0.53,,0.17,,0,1,49.84,-0.1448,51775,0,2,2,0,0,3
2010,California,0.626,1,0,1,1,,1,37334079,0.53,,0.18,,0,1,49.84,0.0335,51733,0,2,2,0,0,3
2011,California,0.626,1,1,1,1,,1,37700034,0.54,,0.17,,0,1,89.41,0.0673,51936,0,2,2,0,0,3
2012,California,0.626,1,1,1,1,,1,38056055,0.53,,0.17,,0,1,89.41,-0.0623,52660,0,2,2,0,0,3
2013,California,0.626,1,1,1,1,,1,38414128,0.53,,0.16,,0,1,87.43,0.1289,53487,0,2,2,0,0,3
2014,California,0.626,1,1,1,1,35,1,38792291,0.56,,0.16,,0,1,87.43,0.0103,54606,0,2,2,0,0,3
2015,California,0.626,1,1,1,1,,,39144818,0.52,,0.16,,0,1,,,56365,0,2,2,0,0,3
2001,Colorado,0.172,1,0,1,0,,0,4433068,0.17,,0.09,,0,0,21.16,0.0163,50247,0,1,0,0,2,2
2002,Colorado,0.172,1,0,1,0,,0,4504265,0.20,,0.08,,0,0,19.93,-0.1125,49809,0,1,0,0,2,2
2003,Colorado,0.202,1,0,0,0,,0,4548775,0.22,,0.08,,0,0,16.71,-0.0704,49838,0,1,0,0,2,2
2004,Colorado,0.202,1,0,0,0,,0,4599681,0.24,,0.08,,0,0,16.71,0.0241,50234,0,1,0,0,2,2
2005,Colorado,0.202,1,0,1,1,,0,4660780,0.26,,0.08,,0,0,29.30,0.0363,51847,0,1,0,0,2,2
2006,Colorado,0.202,1,0,1,1,,0,4753044,0.22,,0.08,,0,0,29.30,0.0601,51736,0,1,0,0,2,2
2007,Colorado,0.202,1,1,1,1,,0,4842259,0.21,,0.09,,0,0,38.54,0.0322,51895,0,1,0,0,2,2
2008,Colorado,0.202,1,1,1,1,,0,4935213,0.22,,0.08,,0,0,78.13,-0.0114,51726,0,1,0,0,2,2
2009,Colorado,0.202,1,1,1,1,,0,5024748,0.24,,0.07,,0,0,78.69,-0.1099,50296,0,1,0,0,2,2
2010,Colorado,0.202,1,1,1,1,,0,5048254,0.23,,0.07,,0,0,78.69,-0.0432,50194,0,1,1,0,2,2
2011,Colorado,0.202,1,1,0,0,,0,5119480,0.24,,0.08,,0,0,67.06,0.0555,50069,0,1,1,0,2,2
2012,Colorado,0.202,1,1,1,0,,0,5191731,0.24,,0.08,,0,0,67.06,0.0469,50547,0,1,1,0,2,2
2013,Colorado,0.202,1,1,1,1,,0,5271132,0.22,,0.08,,0,0,73.46,0.0646,50807,0,1,1,0,2,2
2014,Colorado,0.202,1,1,1,1,27,0,5355588,0.21,,0.10,,0,0,72.44,0.0116,52060,0,1,1,0,1,2
2015,Colorado,0.202,1,1,0,1,,,5456574,0.26,,0.08,,0,0,,,52920,0,1,1,0,1,2
2001,Connecticut,0.178,0,0,1,1,,1,3428433,0.66,,0.15,,0,1,57.27,-0.0602,60867,0,1,0,1,1,3
2002,Connecticut,0.178,0,0,1,1,,1,3448382,0.61,,0.17,,0,1,57.27,-0.1083,60174,0,1,0,1,1,3
2003,Connecticut,0.19,0,0,1,1,,1,3467673,0.56,,0.15,,0,1,58.25,0.0221,60848,0,1,0,1,1,3
2004,Connecticut,0.19,0,0,1,1,,1,3474610,0.60,,0.15,,0,1,58.25,0.0503,64579,0,1,0,1,1,3
2005,Connecticut,0.19,0,0,1,1,,1,3477416,0.65,,0.16,,0,1,59.07,0.0855,65444,0,1,0,1,1,3
2006,Connecticut,0.19,0,0,1,1,,1,3485162,0.64,,0.16,,0,1,59.07,0.0110,67400,0,1,0,1,1,3
2007,Connecticut,0.19,0,0,1,1,,1,3488633,0.64,,0.16,,0,1,57.66,0.0610,69762,0,1,0,1,1,3
2008,Connecticut,0.19,0,0,1,1,,1,3502932,0.63,,0.17,,0,1,57.66,0.0075,66880,0,1,0,1,1,3
2009,Connecticut,0.19,0,0,1,1,,1,3518288,0.62,,0.17,,0,1,54.30,-0.1292,63472,0,1,0,1,1,3
2010,Connecticut,0.19,0,0,1,1,,1,3579717,0.59,,0.17,,0,1,54.30,-0.0063,63758,0,1,0,1,1,3
2011,Connecticut,0.19,0,1,1,1,,1,3589759,0.64,,0.17,,0,1,82.22,0.0601,63092,0,1,0,1,1,3
2012,Connecticut,0.19,0,1,1,1,,1,3593541,0.61,,0.14,,0,1,82.22,0.1186,63178,0,1,0,1,1,3
2013,Connecticut,0.19,0,1,1,1,,1,3597168,0.60,,0.14,,0,1,82.99,0.0170,62847,0,1,0,1,1,3
2014,Connecticut,0.19,0,1,1,1,32,1,3594762,0.64,,0.15,,0,1,82.99,-0.0187,63650,0,1,0,1,1,3
2015,Connecticut,0.19,0,1,1,1,,,3590886,0.55,,0.17,,0,1,,,64115,0,1,0,1,1,3
2001,Delaware,0.151,0,1,1,0,,0,794620,0.35,,0.12,,0,1,65.36,-0.0513,64376,0,1,1,0,2,3
2002,Delaware,0.151,0,1,1,0,,0,804131,0.38,,0.11,,0,1,65.36,0.0026,62003,0,1,1,0,2,3
2003,Delaware,0.148,0,1,1,0,,0,814905,0.35,,0.11,,0,1,65.36,-0.0614,63863,0,1,1,0,2,3
2004,Delaware,0.148,0,1,1,0,,0,826639,0.37,,0.12,,0,1,65.36,0.0760,67008,0,1,1,0,2,3
2005,Delaware,0.148,0,1,1,0,,0,839906,0.37,,0.12,,0,1,65.36,0.0368,66955,0,1,1,0,2,3
2006,Delaware,0.148,0,1,1,0,,0,853022,0.39,,0.11,,0,1,65.36,0.0519,67533,0,1,1,0,2,3
2007,Delaware,0.148,0,1,1,0,,0,864896,0.45,,0.12,,0,1,67.44,-0.0262,66032,0,1,1,0,2,3
2008,Delaware,0.148,0,1,1,0,,0,876211,0.39,,0.13,,0,1,68.74,-0.0413,61346,0,1,1,0,2,3
2009,Delaware,0.148,0,1,1,1,,0,885122,0.36,,0.12,,0,1,79.06,-0.0503,63219,0,1,1,0,2,3
2010,Delaware,0.148,0,1,1,1,,0,899791,0.39,,0.11,,0,1,79.06,-0.0376,63053,0,1,1,0,2,3
2011,Delaware,0.148,0,1,1,1,,0,907916,0.38,,0.10,,0,1,76.57,0.1342,63603,0,1,1,0,2,3
2012,Delaware,0.148,0,1,1,1,,0,917099,0.40,,0.10,,0,1,76.57,-0.0248,62327,0,1,1,0,2,3
2013,Delaware,0.148,0,1,1,1,,0,925353,0.40,,0.10,,0,1,76.57,-0.0034,61004,0,1,1,0,2,3
2014,Delaware,0.148,0,1,1,1,34,0,935968,0.34,,0.10,,0,1,76.57,-0.0764,62904,0,1,1,0,2,3
2015,Delaware,0.148,0,1,1,1,,,945934,0.38,,0.09,,0,1,,,63463,0,1,1,0,2,3
2001,District of Columbia,,0,1,1,1,,1,578042,0.21,,0.17,,0,1,,,,0,0,0,0,2,3
2002,District of Columbia,,0,1,1,1,,1,579585,0.18,,0.14,,0,1,,,,0,0,0,0,2,3
2003,District of Columbia,,0,1,1,1,,1,577777,0.21,,0.15,,0,1,,,,0,0,0,0,2,3
2004,District of Columbia,,0,1,1,1,,1,579796,0.17,,0.13,,0,1,,,,0,0,0,0,2,3
2005,District of Columbia,,0,1,1,1,,1,582049,0.18,,0.11,,0,1,,,,0,0,0,0,2,3
2006,District of Columbia,,0,1,1,1,,1,583978,0.17,,0.10,,0,1,,,,0,0,0,0,2,3
2007,District of Columbia,,0,1,1,1,,1,586409,0.20,,0.10,,0,1,,,,0,0,0,0,2,3
2008,District of Columbia,,0,1,1,1,,1,590074,0.21,,0.12,,0,1,,,,0,0,0,0,2,3
2009,District of Columbia,,0,1,1,1,,1,599657,0.18,,0.10,,0,1,,,,0,0,0,0,2,3
2010,District of Columbia,,0,1,1,1,,1,605126,0.21,,0.09,,0,1,,,,0,0,0,0,2,3
2011,District of Columbia,,0,1,1,1,,1,620472,0.21,,0.08,,0,1,,,,0,0,0,0,2,3
2012,District of Columbia,,0,1,1,1,,1,635342,0.23,,0.09,,0,1,,,,0,0,0,0,2,3
2013,District of Columbia,,0,1,1,1,,1,649540,0.26,,0.09,,0,1,,,,0,0,0,0,2,3
2014,District of Columbia,,0,1,1,1,42,1,659836,0.24,,0.09,,0,1,,,,0,0,0,0,2,3
2015,District of Columbia,,0,1,1,1,,,672228,0.31,,0.10,,0,1,,,,0,0,0,0,2,3
2001,Florida,0.249,1,0,0,0,,1,16353869,0.28,,0.07,,1,1,15.70,-0.0418,38731,0,1,1,0,3,2
2002,Florida,0.249,1,0,0,0,,1,16680309,0.27,,0.06,,1,1,15.70,-0.0194,39457,0,1,1,0,3,2
2003,Florida,0.223,1,0,0,0,,1,16981183,0.24,,0.06,,1,1,16.74,0.0222,40364,0,1,1,0,3,2
2004,Florida,0.223,1,0,0,0,,1,17375259,0.25,,0.06,,1,1,16.74,0.0754,41618,0,1,1,0,3,2
2005,Florida,0.223,1,0,0,0,,1,17783868,0.26,,0.05,,1,1,16.83,0.0481,43329,0,1,1,0,3,2
2006,Florida,0.223,1,0,0,0,,1,18088505,0.23,,0.05,,1,1,16.83,0.1260,44034,0,1,1,0,3,2
2007,Florida,0.223,1,0,0,0,,1,18277888,0.25,,0.06,,1,1,15.95,-0.0695,43724,0,1,1,0,3,2
2008,Florida,0.223,1,0,0,0,,1,18423878,0.28,,0.06,,1,1,15.95,-0.1145,41569,0,1,1,0,3,2
2009,Florida,0.223,1,0,0,0,,1,18537969,0.26,,0.06,,1,1,16.82,-0.1121,38704,0,1,1,0,3,2
2010,Florida,0.223,1,0,0,0,,1,18849890,0.23,,0.06,,1,1,16.82,-0.0743,38314,0,1,1,0,3,2
2011,Florida,0.223,1,0,0,0,,1,19105533,0.22,,0.06,,1,1,12.49,-0.0074,37529,0,1,1,0,3,2
2012,Florida,0.223,1,0,0,0,,1,19352021,0.24,,0.06,,1,1,12.49,0.0085,37702,0,1,1,0,3,2
2013,Florida,0.223,1,0,0,0,,1,19594467,0.23,,0.05,,1,1,11.34,0.0204,38090,0,1,1,0,3,1
2014,Florida,0.223,1,0,0,0,0,1,19905569,0.25,,0.06,,1,1,11.34,-0.0082,38497,0,1,1,0,3,1
2015,Florida,0.223,1,0,0,0,,,20271272,0.27,,0.07,,1,1,,,38950,0,1,1,0,3,1
2001,Georgia,0.107,0,1,1,1,,1,8419594,0.12,,0.07,,1,0,76.65,0.0151,45206,0,2,2,0,2,3
2002,Georgia,0.107,0,1,1,1,,1,8585535,0.12,,0.06,,1,0,76.65,-0.0712,44740,0,2,2,0,2,3
2003,Georgia,0.116,0,0,0,1,,1,8735259,0.12,,0.07,,1,0,32.72,-0.0601,45015,0,2,2,0,2,3
2004,Georgia,0.116,0,0,0,1,,1,8913676,0.11,,0.06,,1,0,32.72,0.0402,45434,0,2,2,0,2,3
2005,Georgia,0.116,0,0,0,0,,1,9097428,0.10,,0.05,,1,0,12.74,0.0217,46361,0,2,2,0,2,3
2006,Georgia,0.116,0,0,0,0,,1,9330086,0.11,,0.04,,1,0,12.74,0.0258,45926,0,2,2,0,2,3
2007,Georgia,0.116,0,0,0,0,,1,9533761,0.13,,0.04,,1,0,7.84,0.0212,45763,0,2,2,0,2,3
2008,Georgia,0.116,0,0,0,0,,1,9697838,0.09,,0.04,,1,0,7.43,-0.0615,44138,0,2,2,0,2,3
2009,Georgia,0.116,0,0,0,0,,1,9829211,0.13,,0.05,,1,0,6.74,-0.1181,41860,0,2,2,0,2,3
2010,Georgia,0.116,0,0,0,0,,1,9713454,0.10,,0.04,,1,0,6.49,-0.1042,41561,0,2,2,0,2,3
2011,Georgia,0.116,0,0,0,0,,1,9812280,0.12,,0.04,,1,0,3.85,0.0390,41592,0,2,2,0,2,3
2012,Georgia,0.116,0,0,0,0,,1,9917639,0.19,,0.04,,1,0,3.85,0.0120,41740,0,2,2,0,2,3
2013,Georgia,0.116,0,0,0,0,,1,9991562,0.19,,0.05,,1,0,3.12,0.0511,42082,0,2,2,0,2,3
2014,Georgia,0.116,0,0,0,0,8,1,10097132,0.19,,0.04,,1,0,3.12,0.0103,42694,0,2,2,0,2,3
2015,Georgia,0.116,0,0,0,0,,,10214860,0.20,,0.04,,1,0,,,43301,0,2,1,0,2,3
2001,Hawaii,0.252,0,1,1,1,,1,1218305,0.50,,0.23,,0,1,90.79,0.0120,43535,1,1,1,0,2,2
2002,Hawaii,0.252,0,1,1,1,,1,1228069,0.51,,0.24,,0,1,90.79,-0.0508,44324,1,1,1,0,2,2
2003,Hawaii,0.225,0,0,1,1,,1,1239298,0.53,,0.24,,0,1,64.90,0.0114,45926,1,1,1,0,2,2
2004,Hawaii,0.225,0,0,1,1,,1,1252782,0.48,,0.24,,0,1,64.90,0.0314,47997,1,1,1,0,2,2
2005,Hawaii,0.225,0,0,1,1,,1,1266117,0.51,,0.26,,0,1,64.90,0.0978,49790,1,1,1,0,2,2
2006,Hawaii,0.225,0,0,1,1,,1,1275599,0.50,,0.25,,0,1,64.90,0.0601,50358,1,1,1,0,2,2
2007,Hawaii,0.225,0,0,1,1,,1,1276832,0.55,,0.23,,0,1,66.90,0.0020,50933,1,1,1,0,2,2
2008,Hawaii,0.225,0,0,1,1,,1,1287481,0.54,,0.24,,0,1,66.90,-0.0376,50565,1,1,1,0,2,2
2009,Hawaii,0.225,0,0,1,1,,1,1295178,0.57,,0.24,,0,1,67.17,-0.0914,48255,1,1,1,0,2,2
2010,Hawaii,0.225,0,0,1,1,,1,1363980,0.55,,0.22,,0,1,67.17,-0.0029,48935,1,1,1,0,2,2
2011,Hawaii,0.225,0,1,1,1,,1,1378227,0.58,,0.22,,0,1,87.11,-0.0366,49110,1,1,1,0,2,2
2012,Hawaii,0.225,0,1,1,1,,1,1392641,0.50,,0.22,,0,1,87.11,0.1005,49216,1,1,1,0,2,2
2013,Hawaii,0.225,0,1,1,1,,1,1408765,0.51,,0.22,,0,1,84.90,0.0763,49035,1,1,1,0,2,2
2014,Hawaii,0.225,0,1,1,1,34,1,1420257,0.54,,0.22,,0,1,84.90,-0.0329,49073,1,1,1,0,2,2
2015,Hawaii,0.225,0,1,1,1,,,1431603,0.56,,0.20,,0,1,,,49479,1,1,1,0,2,2
2001,Idaho,0.11,1,0,0,0,,1,1321170,0.18,,0.08,,1,1,12.47,0.0296,33559,0,1,2,0,1,3
2002,Idaho,0.11,1,0,0,0,,1,1342149,0.16,,0.07,,1,1,12.47,-0.1395,33882,0,1,2,0,1,3
2003,Idaho,0.138,0,0,0,0,,1,1364109,0.15,,0.07,,1,1,12.47,-0.0074,34383,0,1,2,0,1,3
2004,Idaho,0.138,0,0,0,0,,1,1391718,0.12,,0.06,,1,1,12.47,0.0773,35331,0,1,2,0,1,3
2005,Idaho,0.138,0,0,0,0,,1,1425862,0.15,,0.05,,1,1,12.47,0.0446,36510,0,1,2,0,1,3
2006,Idaho,0.138,0,0,0,0,,1,1464413,0.22,,0.06,,1,1,12.47,0.0085,37409,0,1,2,0,1,3
2007,Idaho,0.138,0,0,0,0,,1,1499245,0.18,,0.05,,1,1,14.09,0.0680,37423,0,1,2,0,1,3
2008,Idaho,0.138,0,0,0,0,,1,1527506,0.17,,0.07,,1,1,14.09,-0.0238,36740,0,1,2,0,1,3
2009,Idaho,0.138,0,0,0,0,,1,1545801,0.14,,0.06,,1,1,14.96,-0.1399,34631,0,1,2,0,1,3
2010,Idaho,0.138,0,0,0,0,,1,1570986,0.15,,0.07,,1,1,14.96,-0.0940,34727,0,1,2,0,1,3
2011,Idaho,0.138,0,0,0,0,,1,1584134,0.14,,0.05,,1,1,8.78,0.0624,34481,0,1,2,0,1,3
2012,Idaho,0.138,0,0,0,0,,1,1596097,0.16,,0.05,,1,1,8.78,0.0057,34355,0,1,2,0,1,3
2013,Idaho,0.138,0,0,0,0,,1,1612785,0.19,,0.05,,1,1,8.78,0.0344,34838,0,1,2,0,1,3
2014,Idaho,0.138,0,0,0,0,0,1,1634806,0.18,,0.05,,1,1,8.78,-0.0039,35083,0,1,2,0,1,3
2015,Idaho,0.138,0,0,0,0,,,1654930,0.18,,0.07,,1,1,,,35305,0,1,2,0,1,3
2001,Illinois,0.236,0,0,0,1,,1,12507833,0.53,,0.18,,0,1,34.53,-0.0170,48940,2,0,2,0,2,2
2002,Illinois,0.236,0,0,0,1,,1,12558229,0.55,,0.20,,0,1,34.53,-0.0473,48951,2,0,2,0,2,2
2003,Illinois,0.261,0,1,1,1,,1,12597981,0.52,,0.18,,0,1,82.56,-0.0357,49579,2,0,2,0,2,2
2004,Illinois,0.261,0,1,1,1,,1,12645295,0.50,,0.17,,0,1,82.56,0.0366,50674,2,0,2,0,0,2
2005,Illinois,0.261,0,1,1,1,,1,12674452,0.52,,0.17,,0,1,79.97,0.0758,51447,2,0,2,0,0,2
2006,Illinois,0.261,0,1,1,1,,1,12718011,0.50,,0.16,,0,1,79.97,0.0258,52683,2,0,2,0,0,2
2007,Illinois,0.261,0,1,1,1,,1,12779417,0.54,,0.15,,0,1,83.37,0.0380,53015,2,0,2,0,0,2
2008,Illinois,0.261,0,1,1,1,,1,12842954,0.50,,0.17,,0,1,83.94,-0.0449,51621,2,0,2,0,0,2
2009,Illinois,0.261,0,1,1,1,,1,12910409,0.44,,0.18,,0,1,85.58,-0.0841,50010,2,0,2,0,0,2
2010,Illinois,0.261,0,1,1,1,,1,12841249,0.50,,0.16,,0,1,85.58,-0.0060,50290,2,0,2,0,0,2
2011,Illinois,0.261,0,1,1,1,,1,12861882,0.49,,0.16,,0,1,84.30,0.0755,51172,2,0,2,0,0,2
2012,Illinois,0.261,0,1,1,1,,1,12875167,0.49,,0.15,,0,1,84.30,0.1486,52264,2,0,2,0,0,2
2013,Illinois,0.261,0,1,1,1,,1,12889580,0.50,,0.16,,0,1,83.18,0.0512,51812,2,0,2,0,0,2
2014,Illinois,0.261,0,1,1,1,38,1,12882189,0.52,,0.15,,0,1,83.18,-0.0033,52359,2,0,2,0,0,2
2015,Illinois,0.261,0,0,1,1,,,12859995,0.48,,0.15,,0,1,,,53640,2,0,2,0,0,1
2001,Indiana,0.106,0,1,0,1,,0,6124967,0.27,,0.15,,1,1,55.35,-0.0327,40259,0,1,1,0,1,3
2002,Indiana,0.106,0,1,0,1,,0,6149007,0.26,,0.13,,1,1,55.31,-0.0121,41034,0,1,1,0,1,3
2003,Indiana,0.102,0,1,0,1,,0,6181789,0.22,,0.12,,1,1,55.61,0.0685,42222,0,1,1,0,1,3
2004,Indiana,0.102,0,1,0,1,,0,6214454,0.23,,0.11,,1,1,55.61,0.0320,43489,0,1,1,0,1,3
2005,Indiana,0.102,0,0,0,0,,0,6253120,0.28,,0.12,,1,1,16.36,0.0322,43159,0,1,1,0,1,3
2006,Indiana,0.102,0,0,0,0,,0,6301700,0.27,,0.12,,1,1,16.36,0.0177,43639,0,1,1,0,1,3
2007,Indiana,0.102,0,0,0,1,,0,6346113,0.28,,0.12,,1,1,23.33,0.0061,44344,0,1,1,0,1,3
2008,Indiana,0.102,0,0,0,1,,0,6388309,0.27,,0.12,,1,1,23.33,0.0188,43760,0,1,1,0,1,3
2009,Indiana,0.102,0,0,0,1,,0,6423113,0.26,,0.11,,1,1,20.90,-0.0163,40775,0,1,1,0,1,3
2010,Indiana,0.102,0,0,0,0,,0,6490590,0.28,,0.11,,1,1,20.90,-0.0937,43130,0,1,1,0,1,3
2011,Indiana,0.102,0,0,0,0,,0,6516845,0.28,,0.11,,1,1,10.38,0.0542,43109,0,1,1,0,1,3
2012,Indiana,0.102,0,0,0,0,,0,6538283,0.28,,0.09,,1,1,10.38,0.0559,43056,0,1,1,0,1,3
2013,Indiana,0.102,0,0,0,0,,0,6570518,0.29,,0.09,,1,1,10.24,0.0164,43774,0,1,1,0,1,3
2014,Indiana,0.102,0,0,0,0,11,0,6597880,0.29,,0.11,,1,1,10.24,-0.0219,44539,0,1,1,0,1,3
2015,Indiana,0.102,0,0,0,0,,,6619680,0.29,,0.10,,1,1,,,45136,0,1,1,0,1,3
2001,Iowa,0.164,0,1,0,0,,0,2929424,0.28,,0.13,,1,1,57.69,-0.0340,39039,0,1,1,0,2,2
2002,Iowa,0.164,0,1,0,0,,0,2929264,0.30,,0.11,,1,1,58.78,-0.0456,40112,0,1,1,0,2,2
2003,Iowa,0.17,0,1,0,0,,0,2932799,0.29,,0.12,,1,1,57.32,-0.0408,41762,0,1,1,0,2,2
2004,Iowa,0.17,0,1,0,0,,0,2941358,0.35,,0.11,,1,1,58.23,0.0274,44849,0,1,1,0,2,2
2005,Iowa,0.17,0,1,1,0,,0,2949450,0.36,,0.12,,1,1,65.65,0.0679,45781,0,1,1,0,2,2
2006,Iowa,0.17,0,1,1,0,,0,2964391,0.31,,0.11,,1,1,65.65,0.0191,46029,0,1,1,0,2,2
2007,Iowa,0.17,0,1,1,1,,0,2978719,0.31,,0.11,,1,1,77.92,0.0227,47406,0,1,1,0,2,2
2008,Iowa,0.17,0,1,1,1,,0,2993987,0.31,,0.11,,1,1,76.95,0.0206,46097,0,1,1,0,2,2
2009,Iowa,0.17,0,1,1,1,,0,3007856,0.33,,0.11,,1,1,78.83,0.0114,45038,0,1,1,0,2,2
2010,Iowa,0.17,0,1,1,1,,0,3050694,0.31,,0.11,,1,1,78.83,-0.0465,45779,0,1,1,0,2,2
2011,Iowa,0.17,0,0,1,0,,0,3065389,0.33,,0.11,,1,1,29.53,0.0380,46693,0,1,1,0,2,2
2012,Iowa,0.17,0,0,1,0,,0,3076636,0.28,,0.10,,1,1,29.53,0.0567,48254,0,1,1,0,2,2
2013,Iowa,0.17,0,0,1,0,,0,3092224,0.29,,0.10,,1,1,35.07,0.0352,48285,0,1,1,0,2,2
2014,Iowa,0.17,0,0,1,0,24,0,3109481,0.30,,0.11,,1,1,34.38,-0.0327,49397,0,1,1,0,2,2
2015,Iowa,0.17,0,0,1,0,,,3123899,0.31,,0.10,,1,1,,,49500,0,1,1,0,2,2
2001,Kansas,0.067,0,0,0,0,,1,2701456,0.23,,0.09,,1,1,15.46,-0.0034,40070,0,2,2,0,2,3
2002,Kansas,0.067,0,0,0,0,,1,2712598,0.17,,0.08,,1,1,15.46,-0.0550,40525,0,2,2,0,2,3
2003,Kansas,0.125,0,1,0,0,,1,2721955,0.19,,0.08,,1,1,45.81,0.0153,41414,0,2,2,0,2,3
2004,Kansas,0.125,0,1,0,0,,1,2730765,0.18,,0.08,,1,1,45.81,0.0229,41551,0,2,2,0,2,3
2005,Kansas,0.125,0,1,0,0,,1,2741771,0.20,,0.07,,1,1,45.81,0.0280,42502,0,2,2,0,2,3
2006,Kansas,0.125,0,1,0,0,,1,2755700,0.16,,0.08,,1,1,45.81,0.0709,43723,0,2,2,0,2,3
2007,Kansas,0.125,0,1,0,0,,1,2775586,0.15,,0.07,,1,1,45.85,0.0604,45206,0,2,2,0,2,3
2008,Kansas,0.125,0,1,0,0,,1,2797375,0.17,,0.07,,1,1,45.85,-0.0077,45380,0,2,2,0,2,3
2009,Kansas,0.125,0,1,0,0,,1,2818747,0.17,,0.06,,1,1,45.19,-0.0700,43221,0,2,2,0,2,3
2010,Kansas,0.125,0,1,0,0,,1,2858824,0.19,,0.07,,1,1,45.19,-0.0547,44236,0,2,2,0,2,3
2011,Kansas,0.125,0,0,0,0,,1,2869917,0.15,,0.08,,1,1,5.38,0.0110,45697,0,2,2,0,2,3
2012,Kansas,0.125,0,0,0,0,,1,2886281,0.17,,0.07,,1,1,5.38,0.0629,45701,0,2,2,0,2,3
2013,Kansas,0.125,0,0,0,0,,1,2894630,0.15,,0.08,,1,1,5.38,0.0092,45173,0,2,2,0,2,3
2014,Kansas,0.125,0,0,0,0,8,1,2902507,0.16,,0.07,,1,1,5.38,-0.0556,45570,0,2,2,0,2,3
2015,Kansas,0.125,0,0,0,0,,,2911641,0.15,,0.09,,1,1,,,45558,0,2,2,0,2,3
2001,Kentucky,0.087,0,1,0,1,,0,4069191,0.24,,0.11,,0,0,55.12,-0.0130,35718,0,1,0,0,2,2
2002,Kentucky,0.087,0,1,0,1,,0,4091330,0.22,,0.10,,0,0,55.12,-0.0056,36437,0,1,0,0,2,3
2003,Kentucky,0.148,0,1,0,1,,0,4118627,0.21,,0.10,,0,0,57.86,0.0136,36949,0,1,0,0,2,3
2004,Kentucky,0.148,0,0,0,1,,0,4147970,0.24,,0.10,,0,0,35.07,-0.0163,37567,0,1,0,0,2,3
2005,Kentucky,0.148,0,0,0,1,,0,4182293,0.20,,0.10,,0,0,33.38,0.0299,38300,0,1,0,0,2,3
2006,Kentucky,0.148,0,0,0,1,,0,4219374,0.18,,0.10,,0,0,33.38,0.0257,38939,0,1,0,0,2,3
2007,Kentucky,0.148,0,0,0,1,,0,4256278,0.17,,0.09,,0,0,37.52,-0.0179,38185,0,1,0,0,2,3
2008,Kentucky,0.148,0,1,0,1,,0,4287931,0.16,,0.09,,0,0,65.17,-0.0294,37858,0,1,0,0,2,3
2009,Kentucky,0.148,0,1,0,1,,0,4314113,0.17,,0.09,,0,0,65.87,-0.0331,36162,0,1,0,0,2,3
2010,Kentucky,0.148,0,1,0,1,,0,4347937,0.16,,0.09,,0,0,68.36,-0.0447,37523,0,1,1,0,2,3
2011,Kentucky,0.148,0,1,0,1,,0,4367882,0.19,,0.09,,0,0,62.43,0.0326,38007,0,1,1,0,2,3
2012,Kentucky,0.148,0,1,0,1,,0,4382667,0.20,,0.10,,0,0,63.07,0.0166,38310,0,1,1,0,2,3
2013,Kentucky,0.148,0,1,0,1,,0,4398500,0.18,,0.11,,0,0,63.00,0.0058,38564,0,1,1,0,2,3
2014,Kentucky,0.148,0,1,0,1,24,0,4412617,0.21,,0.11,,0,0,62.29,0.0015,38860,0,1,1,0,2,3
2015,Kentucky,0.148,0,1,0,1,,,4425092,0.18,,0.11,,0,0,,,39181,0,1,1,0,2,3
2001,Louisiana,0.144,1,0,1,1,,0,4460816,0.17,,0.08,,1,0,46.91,0.0727,41610,1,0,1,0,2,3
2002,Louisiana,0.144,1,0,1,1,,0,4466068,0.13,,0.08,,1,0,46.91,0.0017,42054,1,0,1,0,2,3
2003,Louisiana,0.129,1,0,1,1,,0,4474726,0.13,,0.07,,1,0,45.63,-0.0148,43636,1,0,1,0,2,3
2004,Louisiana,0.129,1,1,1,1,,0,4489327,0.20,,0.08,,1,0,71.96,0.0049,44961,1,0,1,0,2,3
2005,Louisiana,0.129,1,1,1,1,,0,4497691,0.10,,0.06,,1,0,78.03,0.0736,47133,1,0,1,0,2,3
2006,Louisiana,0.129,1,1,1,1,,0,4240327,0.09,,0.06,,1,0,78.03,0.1628,49221,1,0,1,0,2,3
2007,Louisiana,0.129,1,1,1,1,,0,4376122,0.15,,0.06,,1,0,73.40,0.0760,46890,1,0,1,0,2,3
2008,Louisiana,0.129,1,0,1,1,,0,4451513,0.13,,0.05,,1,0,43.86,-0.0467,46443,1,0,1,0,2,3
2009,Louisiana,0.129,1,0,1,1,,0,4492076,0.13,,0.06,,1,0,38.84,-0.0814,46644,1,0,1,0,2,3
2010,Louisiana,0.129,1,0,1,1,,0,4544951,0.16,,0.04,,1,0,39.42,-0.1655,48305,1,0,1,0,2,3
2011,Louisiana,0.129,1,0,0,0,,0,4575381,0.14,,0.04,,1,0,28.25,-0.0252,45813,1,0,1,0,2,3
2012,Louisiana,0.129,1,0,0,0,,0,4603676,0.20,,0.06,,1,0,12.37,-0.0126,45813,1,0,1,0,2,3
2013,Louisiana,0.129,1,0,0,0,,0,4627491,0.17,,0.04,,1,0,14.69,0.0056,44408,1,0,1,0,2,3
2014,Louisiana,0.129,1,0,0,0,24,0,4648990,0.22,,0.05,,1,0,14.03,0.0298,45067,1,0,1,0,1,3
2015,Louisiana,0.129,1,0,0,0,,,4670724,0.21,,0.06,,1,0,,,45606,1,0,1,0,1,3
2001,Maine,0.098,1,1,1,1,,1,1284791,0.51,,0.13,,0,1,70.80,-0.0317,36562,0,1,1,2,2,3
2002,Maine,0.098,1,1,1,1,,1,1293938,0.47,,0.13,,0,1,73.62,-0.0390,37195,0,1,1,2,2,3
2003,Maine,0.089,1,1,1,1,,1,1303102,0.47,,0.13,,0,1,78.71,-0.0038,37783,0,1,1,2,2,3
2004,Maine,0.089,1,1,1,1,,1,1308253,0.45,,0.11,,0,1,78.71,0.0683,38885,0,1,1,2,2,3
2005,Maine,0.089,1,1,1,1,,1,1311631,0.46,,0.12,,0,1,78.53,0.0413,38796,0,1,1,2,2,3
2006,Maine,0.089,1,1,1,1,,1,1314963,0.49,,0.12,,0,1,78.53,0.0797,39197,0,1,1,2,2,3
2007,Maine,0.089,1,1,1,1,,1,1317308,0.45,,0.12,,0,1,80.44,-0.0036,38822,0,1,1,2,2,3
2008,Maine,0.089,1,1,1,1,,1,1319691,0.45,,0.12,,0,1,80.53,-0.0155,38453,0,1,1,2,2,3
2009,Maine,0.089,1,1,1,1,,1,1318301,0.44,,0.12,,0,1,85.06,-0.0747,37773,0,1,1,2,2,3
2010,Maine,0.089,1,1,1,1,,1,1327695,0.46,,0.12,,0,1,85.06,-0.0144,38256,0,1,1,2,2,3
2011,Maine,0.089,1,0,0,0,,1,1328257,0.43,,0.11,,0,1,54.16,0.0207,37798,0,1,1,2,2,3
2012,Maine,0.089,1,0,0,0,,1,1328888,0.40,,0.12,,0,1,53.92,0.0059,37748,0,1,1,2,2,3
2013,Maine,0.089,1,0,1,1,,1,1328778,0.46,,0.11,,0,1,66.85,0.0137,37447,0,1,1,2,2,3
2014,Maine,0.089,1,0,0,0,32,1,1330256,0.43,,0.11,,0,1,67.14,-0.0265,37807,0,1,1,2,1,3
2015,Maine,0.089,1,0,0,1,,,1329328,0.44,,0.12,,0,1,,,37958,0,1,1,2,1,3
2001,Maryland,0.189,0,1,1,1,,1,5375033,0.29,,0.14,,0,1,87.41,0.0004,47007,0,1,1,0,2,3
2002,Maryland,0.189,0,1,1,1,,1,5439913,0.33,,0.15,,0,1,87.41,-0.0245,48080,0,1,1,0,2,3
2003,Maryland,0.194,0,0,1,1,,1,5496708,0.32,,0.14,,0,1,51.33,-0.0176,48920,0,1,1,0,2,3
2004,Maryland,0.194,0,0,1,1,,1,5542659,0.27,,0.11,,0,1,51.33,0.0744,50700,0,1,1,0,2,3
2005,Maryland,0.194,0,0,1,1,,1,5582520,0.31,,0.13,,0,1,51.33,0.0488,52165,0,1,1,0,2,3
2006,Maryland,0.194,0,0,1,1,,1,5612196,0.29,,0.13,,0,1,51.33,0.0474,52823,0,1,1,0,2,3
2007,Maryland,0.194,0,1,1,1,,1,5634242,0.29,,0.13,,0,1,86.62,0.0044,53290,0,1,1,0,2,3
2008,Maryland,0.194,0,1,1,1,,1,5658655,0.31,,0.13,,0,1,86.62,-0.0004,53471,0,1,1,0,2,3
2009,Maryland,0.194,0,1,1,1,,1,5699478,0.30,,0.13,,0,1,83.78,-0.0336,52922,0,1,1,0,2,3
2010,Maryland,0.194,0,1,1,1,,1,5788409,0.32,,0.12,,0,1,83.78,-0.0291,53775,0,1,1,0,2,3
2011,Maryland,0.194,0,1,1,1,,1,5844171,0.32,,0.12,,0,1,86.79,0.0137,54062,0,1,1,0,2,3
2012,Maryland,0.194,0,1,1,1,,1,5890740,0.27,,0.11,,0,1,86.79,0.0323,53824,0,1,1,0,2,3
2013,Maryland,0.194,0,1,1,1,,1,5936040,0.31,,0.12,,0,1,85.86,0.0365,53342,0,1,1,0,2,3
2014,Maryland,0.194,0,1,0,0,36,1,5975346,0.34,,0.12,,0,1,85.86,0.0216,53879,0,1,1,0,2,3
2015,Maryland,0.194,0,0,1,1,,,6006401,0.33,,0.11,,0,1,,,54388,0,1,1,0,2,3
2001,Massachusetts,0.332,0,0,1,1,,1,6411730,0.59,,0.15,,0,1,71.84,0.0305,54941,0,2,2,0,2,3
2002,Massachusetts,0.332,0,0,1,1,,1,6440978,0.59,,0.14,,0,1,71.84,-0.1557,55021,0,2,2,0,2,3
2003,Massachusetts,0.385,0,0,1,1,,1,6451637,0.54,,0.14,,0,1,71.64,0.0291,56337,0,2,2,0,2,3
2004,Massachusetts,0.385,0,0,1,1,,1,6451279,0.60,,0.14,,0,1,71.64,0.0522,57594,0,2,2,0,2,3
2005,Massachusetts,0.385,0,0,1,1,,1,6453031,0.63,,0.14,,0,1,71.10,0.0374,58588,0,2,2,0,2,3
2006,Massachusetts,0.385,0,0,1,1,,1,6466399,0.62,,0.15,,0,1,71.10,0.0416,59459,0,2,2,0,2,3
2007,Massachusetts,0.385,0,1,1,1,,1,6499275,0.61,,0.13,,0,1,92.21,0.0328,60787,0,2,2,0,2,3
2008,Massachusetts,0.385,0,1,1,1,,1,6543595,0.61,,0.16,,0,1,92.21,0.0215,60506,0,2,2,0,2,3
2009,Massachusetts,0.385,0,1,1,1,,1,6593587,0.55,,0.17,,0,1,92.45,-0.1114,58725,0,2,2,0,2,3
2010,Massachusetts,0.385,0,1,1,1,,1,6565036,0.59,,0.15,,0,1,92.45,-0.0030,60311,0,2,2,0,2,3
2011,Massachusetts,0.385,0,1,1,1,,1,6611797,0.58,,0.15,,0,1,91.63,0.0590,61230,0,2,2,0,2,3
2012,Massachusetts,0.385,0,1,1,1,,1,6657780,0.53,,0.14,,0,1,91.63,0.0044,62205,0,2,2,0,2,3
2013,Massachusetts,0.385,0,1,1,1,,1,6708810,0.54,,0.14,,0,1,91.45,0.0243,61352,0,2,2,0,2,3
2014,Massachusetts,0.385,0,1,0,0,34,1,6755124,0.58,,0.14,,0,1,91.45,0.0333,62145,0,2,2,0,2,3
2015,Massachusetts,0.385,0,0,1,1,,,6794422,0.52,,0.13,,0,1,,,62918,0,2,2,0,2,3
2001,Michigan,0.516,1,0,0,0,,0,10006093,0.48,,0.22,,1,1,19.97,-0.0528,40980,1,0,1,0,3,2
2002,Michigan,0.516,1,0,0,0,,0,10038767,0.51,,0.21,,1,1,19.97,-0.0358,42054,1,0,1,0,3,2
2003,Michigan,0.342,1,1,0,1,,0,10066351,0.55,,0.22,,1,1,71.22,0.0151,42768,1,0,1,0,3,2
2004,Michigan,0.342,1,1,0,1,,0,10089305,0.54,,0.22,,1,1,71.52,0.0284,42525,1,0,1,0,3,2
2005,Michigan,0.342,1,1,0,0,,0,10090554,0.52,,0.21,,1,1,61.20,-0.0539,43081,1,0,1,0,3,2
2006,Michigan,0.342,1,1,0,0,,0,10082438,0.49,,0.20,,1,1,60.48,-0.0224,42429,1,0,1,0,3,2
2007,Michigan,0.342,1,1,0,1,,0,10050847,0.57,,0.20,,1,1,70.04,-0.0185,42036,1,0,1,0,3,2
2008,Michigan,0.342,1,1,0,1,,0,10002486,0.57,,0.19,,1,1,70.04,0.0069,40097,1,0,1,0,3,2
2009,Michigan,0.342,1,1,0,1,,0,9969727,0.55,,0.19,,1,1,72.82,-0.0744,37004,1,0,1,0,3,2
2010,Michigan,0.342,1,1,0,1,,0,9877369,0.56,,0.17,,1,1,71.99,-0.0376,38985,1,0,1,0,3,2
2011,Michigan,0.342,1,0,0,0,,0,9876589,0.58,,0.18,,1,1,10.92,0.0400,39953,1,0,1,0,3,2
2012,Michigan,0.342,1,0,0,0,,0,9886879,0.56,,0.17,,1,1,10.81,-0.0175,40537,1,0,1,0,3,2
2013,Michigan,0.342,1,0,0,0,,0,9900506,0.55,,0.16,,1,1,11.17,0.0323,41117,1,0,1,0,3,2
2014,Michigan,0.342,1,0,1,1,16,0,9916306,0.54,,0.15,,1,1,11.17,-0.0281,41695,1,0,1,0,3,2
2015,Michigan,0.342,1,0,0,0,,,9922576,0.56,,0.15,,1,1,,,42226,1,0,1,0,3,2
2001,Minnesota,0.179,0,1,1,0,,0,4982813,0.47,,0.18,,0,1,52.35,-0.0235,47796,0,0,2,0,2,3
2002,Minnesota,0.179,0,1,1,0,,0,5017458,0.54,,0.18,,0,1,52.94,-0.0453,48572,0,0,2,0,2,3
2003,Minnesota,0.169,0,0,1,0,,0,5047862,0.53,,0.17,,0,1,26.97,0.0270,50149,0,0,2,0,2,3
2004,Minnesota,0.169,0,0,1,0,,0,5079344,0.55,,0.18,,0,1,26.97,0.0193,51433,0,0,2,0,2,3
2005,Minnesota,0.169,0,0,1,0,,0,5106560,0.60,,0.16,,0,1,33.91,0.0360,52445,0,0,2,0,2,3
2006,Minnesota,0.169,0,0,1,0,,0,5148346,0.57,,0.16,,0,1,33.91,0.0477,51854,0,0,2,0,2,3
2007,Minnesota,0.169,0,0,1,1,,0,5191206,0.53,,0.16,,0,1,50.01,-0.0112,51473,0,0,2,0,2,3
2008,Minnesota,0.169,0,0,1,1,,0,5230567,0.55,,0.16,,0,1,50.01,-0.0139,51441,0,0,2,0,2,3
2009,Minnesota,0.169,0,0,1,1,,0,5266214,0.55,,0.15,,0,1,45.02,-0.0663,49129,0,0,2,0,2,3
2010,Minnesota,0.169,0,0,1,1,,0,5310903,0.52,,0.16,,0,1,45.02,-0.0190,50447,0,0,2,0,2,3
2011,Minnesota,0.169,0,1,0,0,,0,5348119,0.53,,0.15,,0,1,53.64,0.0602,51268,0,0,2,0,1,3
2012,Minnesota,0.169,0,1,0,0,,0,5380443,0.53,,0.14,,0,1,52.07,0.0560,51598,0,0,2,0,1,3
2013,Minnesota,0.169,0,1,1,1,,0,5420541,0.57,,0.14,,0,1,78.17,0.0397,52479,0,0,2,0,1,3
2014,Minnesota,0.169,0,0,0,0,21,0,5457125,0.59,,0.14,,0,1,78.17,0.0348,53499,0,0,2,0,1,3
2015,Minnesota,0.169,0,1,1,0,,,5489594,0.57,,0.14,,0,1,,,54431,0,0,2,0,1,3
2001,Mississippi,0.127,0,1,1,1,,0,2853313,0.09,,0.06,,1,0,74.20,-0.0219,28953,0,1,1 or 2,0,2,3
2002,Mississippi,0.127,0,1,1,1,,0,2858643,0.03,,0.07,,1,0,74.20,-0.0220,29150,0,1,1 or 2,0,2,3
2003,Mississippi,0.107,0,1,1,1,,0,2867678,0.05,,0.05,,1,0,78.55,0.0305,30212,0,1,1 or 2,0,2,3
2004,Mississippi,0.107,0,0,1,1,,0,2886006,0.09,,0.05,,1,0,50.25,-0.0090,30669,0,1,1 or 2,0,2,3
2005,Mississippi,0.107,0,0,1,1,,0,2900116,0.10,,0.07,,1,0,48.17,0.0193,31043,0,1,1 or 2,0,2,3
2006,Mississippi,0.107,0,0,1,1,,0,2897150,0.07,,0.06,,1,0,48.17,0.0680,31888,0,1,1 or 2,0,2,3
2007,Mississippi,0.107,0,0,1,1,,0,2921723,0.06,,0.07,,1,0,42.08,0.0441,32222,0,1,1 or 2,0,2,3
2008,Mississippi,0.107,0,0,1,1,,0,2940212,0.09,,0.05,,1,0,44.21,-0.0037,32334,0,1,1 or 2,0,2,3
2009,Mississippi,0.107,0,0,1,1,,0,2951996,0.12,,0.05,,1,0,45.52,-0.0382,31156,0,1,1 or 2,0,2,3
2010,Mississippi,0.107,0,0,1,1,,0,2970316,0.12,,0.05,,1,0,45.09,-0.0537,31392,0,1,1 or 2,0,2,3
2011,Mississippi,0.107,0,0,0,1,,0,2977999,0.15,,0.05,,1,0,50.48,0.0103,31111,0,1,1 or 2,0,2,3
2012,Mississippi,0.107,0,0,0,0,,0,2985660,0.08,,0.04,,1,0,27.58,0.0371,31990,0,1,1 or 2,0,2,3
2013,Mississippi,0.107,0,0,0,0,,0,2990976,0.07,,0.04,,1,0,28.42,0.0473,31777,0,1,1 or 2,0,2,3
2014,Mississippi,0.107,0,1,0,0,25,0,2993443,0.09,,0.04,,1,0,26.72,0.0062,31651,0,1,1 or 2,0,2,3
2015,Mississippi,0.107,0,0,0,0,,,2992333,0.07,,0.05,,1,0,,,31894,0,1,1 or 2,0,2,3
2001,Missouri,0.198,1,1,0,1,,0,5643986,0.22,,0.14,,0,0,32.11,-0.0040,41263,0,1,1,0,1,3
2002,Missouri,0.198,1,1,0,1,,0,5680852,0.19,,0.13,,0,0,34.26,-0.0336,41348,0,1,1,0,1,3
2003,Missouri,0.174,1,1,0,0,,0,5714847,0.16,,0.13,,0,0,54.77,-0.0391,42089,0,1,1,0,1,3
2004,Missouri,0.174,1,1,0,0,,0,5758444,0.19,,0.12,,0,0,54.77,0.0224,42708,0,1,1,0,1,3
2005,Missouri,0.174,1,0,0,0,,0,5806639,0.21,,0.12,,0,0,18.80,0.0048,43033,0,1,1,0,1,3
2006,Missouri,0.174,1,0,0,0,,0,5861572,0.18,,0.11,,0,0,18.48,0.0237,43032,0,1,1,0,1,3
2007,Missouri,0.174,1,0,0,0,,0,5909824,0.18,,0.11,,0,0,20.16,0.0150,42782,0,1,1,0,1,3
2008,Missouri,0.174,1,0,0,0,,0,5956335,0.23,,0.11,,0,0,20.89,-0.0231,42893,0,1,1,0,1,3
2009,Missouri,0.174,1,1,0,0,,0,5987580,0.23,,0.09,,0,0,52.50,-0.0618,41867,0,1,1,0,1,3
2010,Missouri,0.174,1,1,0,0,,0,5996052,0.20,,0.10,,0,0,52.68,-0.0761,42164,0,1,1,0,1,3
2011,Missouri,0.174,1,1,0,0,,0,6010587,0.21,,0.11,,0,0,48.51,0.0078,41564,0,1,1,0,1,3
2012,Missouri,0.174,1,0,0,0,,0,6025468,0.21,,0.09,,0,0,48.51,0.0433,41756,0,1,1,0,1,3
2013,Missouri,0.174,1,1,0,0,,0,6043708,0.26,,0.09,,0,0,47.60,0.0133,42231,0,1,1,0,1,3
2014,Missouri,0.174,1,0,0,0,10,0,6063827,0.24,,0.08,,0,0,47.60,-0.0101,42582,0,1,1,0,1,3
2015,Missouri,0.174,1,1,0,0,,,6083672,0.24,,0.09,,0,0,,,42984,0,1,1,0,1,3
2001,Montana,0.073,1,0,0,0,,0,905873,0.36,,0.13,,0,1,24.37,0.0269,32292,0,1,1,0,3,2
2002,Montana,0.073,1,0,0,0,,0,909868,0.41,,0.14,,0,1,24.37,-0.0556,32802,0,1,1,0,3,2
2003,Montana,0.076,1,0,0,0,,0,916750,0.37,,0.14,,0,1,28.10,-0.0006,33915,0,1,1,0,3,2
2004,Montana,0.076,1,0,0,0,,0,925887,0.42,,0.12,,0,1,28.10,0.0526,34832,0,1,1,0,3,2
2005,Montana,0.076,1,1,1,1,,0,934801,0.38,,0.11,,0,1,65.12,0.1040,35874,0,1,1,0,3,2
2006,Montana,0.076,1,1,1,1,,0,946230,0.41,,0.12,,0,1,66.72,0.0833,36451,0,1,1,0,3,2
2007,Montana,0.076,1,1,1,1,,0,957225,0.42,,0.14,,0,1,63.33,0.0480,37765,0,1,1,0,3,2
2008,Montana,0.076,1,1,1,1,,0,968035,0.39,,0.12,,0,1,63.33,0.0088,37562,0,1,1,0,3,2
2009,Montana,0.076,1,1,0,1,,0,974989,0.41,,0.14,,0,1,59.12,-0.0249,36185,0,1,1,0,3,2
2010,Montana,0.076,1,1,1,1,,0,990643,0.35,,0.13,,0,1,59.12,-0.1302,37156,0,1,1,0,3,2
2011,Montana,0.076,1,1,0,0,,0,997746,0.29,,0.13,,0,1,51.49,0.0348,38198,0,1,1,0,3,2
2012,Montana,0.076,1,1,0,0,,0,1005157,0.33,,0.14,,0,1,51.49,0.0378,38318,0,1,1,0,3,2
2013,Montana,0.076,1,1,0,0,,0,1014402,0.34,,0.13,,0,1,46.15,0.0499,38395,0,1,1,0,3,2
2014,Montana,0.076,1,1,0,0,21,0,1023252,0.37,,0.13,,0,1,43.46,-0.0203,38820,0,1,1,0,3,2
2015,Montana,0.076,1,1,0,0,,,1032949,0.35,,0.12,,0,1,,,39792,0,2,2,0,3,0
2001,Nebraska,0.172,1,0,1,1,,0,1717948,0.26,,0.08,,1,1,28.35,-0.0132,42499,0,2,2,0,0,3
2002,Nebraska,0.172,1,0,1,1,,0,1725083,0.25,,0.08,,1,1,28.35,-0.0351,43012,0,2,2,0,0,3
2003,Nebraska,0.162,1,0,1,1,,0,1733680,0.24,,0.08,,1,1,28.35,0.0877,45401,0,2,2,0,0,3
2004,Nebraska,0.162,1,0,1,1,,0,1742184,0.18,,0.08,,1,1,28.35,0.0522,45937,0,2,2,0,0,3
2005,Nebraska,0.162,1,0,1,1,,0,1751721,0.25,,0.08,,1,1,25.27,0.0020,46666,0,2,2,0,0,3
2006,Nebraska,0.162,1,0,1,1,,0,1760435,0.28,,0.08,,1,1,25.27,0.0039,47666,0,2,2,0,0,3
2007,Nebraska,0.162,1,0,1,1,,0,1769912,0.32,,0.08,,1,1,21.84,0.0061,48069,0,2,2,0,0,3
2008,Nebraska,0.162,1,0,1,1,,0,1781949,0.27,,0.08,,1,1,21.84,-0.0186,48159,0,2,2,0,0,3
2009,Nebraska,0.162,1,0,1,1,,0,1796619,0.25,,0.09,,1,1,20.11,-0.0593,47826,0,2,2,0,0,3
2010,Nebraska,0.162,1,0,1,1,,0,1830025,0.26,,0.09,,1,1,20.11,-0.0587,49178,0,2,2,0,0,3
2011,Nebraska,0.162,1,0,1,1,,0,1842383,0.27,,0.08,,1,1,20.11,0.0330,50900,0,2,2,0,0,3
2012,Nebraska,0.162,1,0,1,1,,0,1855973,0.24,,0.06,,1,1,20.11,0.0242,50733,0,2,2,0,0,3
2013,Nebraska,0.162,1,0,0,0,,0,1869300,0.25,,0.07,,1,1,15.68,0.0576,51694,0,2,2,0,0,3
2014,Nebraska,0.162,1,0,0,0,24,0,1882980,0.24,,0.07,,1,1,15.68,0.0103,52317,0,2,2,0,0,3
2015,Nebraska,0.162,1,0,0,0,,,1896190,0.23,,0.08,,1,1,,,52996,0,2,2,0,0,3
2001,Nevada,0.161,1,0,0,1,,0,2094509,0.32,,0.17,,1,1,27.10,-0.0361,48010,0,2,1 or 2,0,1,3
2002,Nevada,0.161,1,0,0,1,,0,2166214,0.30,,0.15,,1,1,30.45,-0.0219,47925,0,2,1 or 2,0,1,3
2003,Nevada,0.138,1,0,0,1,,0,2236949,0.38,,0.14,,1,1,27.03,-0.0105,48498,0,2,1 or 2,0,1,3
2004,Nevada,0.138,1,0,0,1,,0,2328703,0.40,,0.13,,1,1,27.03,0.0661,51478,0,2,1 or 2,0,1,3
2005,Nevada,0.138,1,0,0,1,,0,2408804,0.41,,0.14,,1,1,32.44,0.1217,53836,0,2,1 or 2,0,1,3
2006,Nevada,0.138,1,0,0,1,,0,2493405,0.40,,0.15,,1,1,32.44,0.0131,53527,0,2,1 or 2,0,1,3
2007,Nevada,0.138,1,0,0,1,,0,2567752,0.34,,0.15,,1,1,38.51,-0.0335,52384,0,2,1 or 2,0,1,3
2008,Nevada,0.138,1,0,0,1,,0,2615772,0.37,,0.17,,1,1,38.51,-0.0788,49481,0,2,1 or 2,0,1,3
2009,Nevada,0.138,1,0,1,1,,0,2643085,0.34,,0.16,,1,1,44.67,-0.0949,44505,0,2,1 or 2,0,1,3
2010,Nevada,0.138,1,0,1,1,,0,2703440,0.33,,0.15,,1,1,44.67,0.0159,43842,0,2, 1 or 2,0,1,3
2011,Nevada,0.138,1,0,1,1,,0,2718819,0.28,,0.15,,1,1,42.23,0.0461,43886,0,2,1 or 2,0,1,3
2012,Nevada,0.138,1,0,1,1,,0,2754874,0.32,,0.15,,1,1,42.23,0.0340,43209,0,2,1 or 2,0,1,3
2013,Nevada,0.138,1,0,1,1,,0,2790366,0.32,,0.15,,1,1,42.92,0.0091,42505,0,2,1 or 2,0,1,3
2014,Nevada,0.138,1,0,1,1,20,0,2838281,0.34,,0.14,,1,1,42.92,-0.0165,43216,0,2,1 or 2,0,1,3
2015,Nevada,0.138,1,0,0,0,,,2890845,0.38,,0.14,,1,1,,,43632,0,2,1 or 2,0,1,3
2001,New Hampshire,0.034,0,1,0,0,,0,1256879,0.47,,0.10,,0,1,44.54,-0.0065,42899,0,2,1 or 2,0,2,3
2002,New Hampshire,0.034,0,1,0,0,,0,1271163,0.48,,0.10,,0,1,44.54,0.0521,43903,0,2,1 or 2,0,2,3
2003,New Hampshire,0.027,0,0,0,0,,0,1281871,0.50,,0.09,,0,1,16.02,0.0017,45403,0,2,1 or 2,0,2,3
2004,New Hampshire,0.027,0,0,0,0,,0,1292766,0.48,,0.10,,0,1,16.02,-0.0113,46472,0,2,1 or 2,0,2,3
2005,New Hampshire,0.027,0,0,0,0,,0,1301415,0.49,,0.10,,0,1,44.81,-0.0364,47410,0,2,1 or 2,0,2,3
2006,New Hampshire,0.027,0,0,0,0,,0,1311894,0.43,,0.10,,0,1,44.81,-0.0057,47701,0,2,1 or 2,0,2,3
2007,New Hampshire,0.027,0,0,1,1,,0,1317343,0.48,,0.10,,0,1,78.82,0.0136,47522,0,2,1 or 2,0,2,3
2008,New Hampshire,0.027,0,0,1,1,,0,1321872,0.48,,0.11,,0,1,78.97,-0.0051,46865,0,2,1 or 2,0,2,3
2009,New Hampshire,0.027,0,0,1,1,,0,1324575,0.46,,0.11,,0,1,75.97,-0.0527,46106,0,2,1 or 2,0,2,3
2010,New Hampshire,0.027,0,0,1,1,,0,1316708,0.45,,0.10,,0,1,75.97,0.0510,47286,0,2,1 or 2,0,2,3
2011,New Hampshire,0.027,0,1,0,0,,0,1318344,0.50,,0.11,,0,1,47.44,-0.0406,47697,0,2,1 or 2,0,2,3
2012,New Hampshire,0.027,0,1,0,0,,0,1321393,0.41,,0.11,,0,1,47.44,-0.0430,47990,0,2,2,0,2,3
2013,New Hampshire,0.027,0,1,0,1,,0,1322660,0.39,,0.10,,0,1,66.20,0.0494,47975,0,2,2,0,2,3
2014,New Hampshire,0.027,0,1,0,1,16,0,1327996,0.43,,0.10,,0,1,66.02,-0.0472,48982,0,2,1,0,2,3
2015,New Hampshire,0.027,0,1,0,0,,,1330608,0.43,,0.10,,0,1,,,49225,0,2,1,0,1,3
2001,New Jersey,0.32,0,0,0,0,,1,8489469,0.56,,0.20,,0,1,47.71,0.0236,53470,0,2,2,0,2,3
2002,New Jersey,0.32,0,1,1,1,,1,8544115,0.62,,0.20,,0,1,76.90,-0.0696,54313,0,2,2,0,2,3
2003,New Jersey,0.244,0,1,1,1,,1,8583481,0.61,,0.20,,0,1,76.48,0.0579,55304,0,2,2,0,2,3
2004,New Jersey,0.244,0,1,1,1,,1,8611530,0.60,,0.20,,0,1,84.40,0.0210,56092,0,2,2,0,2,3
2005,New Jersey,0.244,0,1,1,1,,1,8621837,0.59,,0.21,,0,1,84.11,0.1153,56974,0,2,2,0,2,3
2006,New Jersey,0.244,0,1,1,1,,1,8623721,0.59,,0.20,,0,1,84.94,0.0477,57835,0,2,2,0,2,3
2007,New Jersey,0.244,0,1,1,1,,1,8636043,0.65,,0.19,,0,1,84.62,0.0899,57972,0,2,2,0,2,3
2008,New Jersey,0.244,0,1,1,1,,1,8663398,0.62,,0.18,,0,1,86.28,-0.0032,57998,0,2,2,0,2,3
2009,New Jersey,0.244,0,1,1,1,,1,8707739,0.63,,0.19,,0,1,84.25,-0.1136,55300,0,2,2,0,2,3
2010,New Jersey,0.244,0,0,1,1,,1,8803881,0.64,,0.17,,0,1,48.90,-0.0669,55469,0,2,2,0,2,3
2011,New Jersey,0.244,0,0,1,1,,1,8842934,0.64,,0.16,,0,1,53.17,0.0119,54775,0,2,2,0,2,3
2012,New Jersey,0.244,0,0,1,1,,1,8874893,0.62,,0.16,,0,1,54.02,-0.0145,55571,0,2,2,0,2,3
2013,New Jersey,0.244,0,0,1,1,,1,8907384,0.61,,0.16,,0,1,54.12,0.0398,55562,0,2,2,0,2,3
2014,New Jersey,0.244,0,0,1,1,34,1,8938844,0.63,,0.17,,0,1,54.12,0.0014,55841,0,2,2,0,2,3
2015,New Jersey,0.244,0,1,1,1,,,8958013,0.60,,0.15,,0,1,,,56721,0,2,2,0,2,3
2016,New Jersey,,,,,,,,,,,,,,,,,,0,2,2,0,1,3
2001,New Mexico,0.053,0,0,1,1,,1,1828809,0.14,,0.08,,0,1,56.29,0.0332,38201,3,0,0,1 or 2,2,3
2002,New Mexico,0.053,0,0,1,1,,1,1850035,0.11,,0.07,,0,1,56.29,-0.1192,38676,3,0,0,1 or 2,2,3
2003,New Mexico,0.109,0,1,1,1,,1,1869683,0.15,,0.08,,0,1,82.36,-0.0390,39482,3,0,0,1 or 2,2,3
2004,New Mexico,0.109,0,1,1,1,,1,1891829,0.15,,0.07,,0,1,82.36,0.0653,41360,3,0,0,1 or 2,2,3
2005,New Mexico,0.109,0,1,1,1,,1,1916538,0.17,,0.08,,0,1,82.36,0.0665,40948,3,0,0,1 or 2,2,3
2006,New Mexico,0.109,0,1,1,1,,1,1942608,0.19,,0.08,,0,1,82.36,0.0882,40917,3,0,0,1 or 2,2,3
2007,New Mexico,0.109,0,1,1,1,,1,1968731,0.16,,0.08,,0,1,82.36,0.0371,40413,3,0,0,1 or 2,2,3
2008,New Mexico,0.109,0,1,1,1,,1,1986763,0.16,,0.07,,0,1,82.36,-0.1007,41091,3,0,0,1 or 2,2,3
2009,New Mexico,0.109,0,1,1,1,,1,2009671,0.19,,0.07,,0,1,80.09,-0.0845,40598,3,0,0,1 or 2,2,3
2010,New Mexico,0.109,0,1,1,1,,1,2064741,0.17,,0.07,,0,1,80.09,-0.1348,40316,3,0,0,1 or 2,2,3
2011,New Mexico,0.109,0,0,1,1,,1,2078226,0.22,,0.07,,0,1,40.88,0.1053,40227,3,0,0,1 or 2,2,3
2012,New Mexico,0.109,0,0,1,1,,1,2084792,0.16,,0.07,,0,1,40.39,0.0838,40226,3,0,0,1 or 2,2,3
2013,New Mexico,0.109,0,0,1,1,,1,2086890,0.16,,0.06,,0,1,41.67,-0.0304,39808,3,0,0,1 or 2,1,3
2014,New Mexico,0.109,0,0,1,1,36,1,2085567,0.17,,0.06,,0,1,40.64,0.0523,40866,3,0,0,1 or 2,1,3
2015,New Mexico,0.109,0,1,1,0,,,2085109,0.17,,0.06,,0,1,,,41166,3,0,0,1 or 2,1,3
2001,New York,0.515,0,0,0,1,,0,19088978,0.69,,0.27,,0,1,45.96,0.0402,54402,2,0,2,0,2,3
2002,New York,0.515,0,0,0,1,,0,19161873,0.72,,0.26,,0,1,45.96,-0.0535,54177,2,0,2,0,2,3
2003,New York,0.48,0,0,0,1,,0,19231101,0.70,,0.25,,0,1,44.13,-0.0466,54161,2,0,2,0,2,3
2004,New York,0.48,0,0,0,1,,0,19297933,0.71,,0.25,,0,1,44.13,0.0563,55866,2,0,2,0,2,3
2005,New York,0.48,0,0,0,1,,0,19330891,0.72,,0.26,,0,1,45.73,0.0856,58421,2,0,2,0,2,3
2006,New York,0.48,0,0,0,1,,0,19356564,0.71,,0.24,,0,1,44.72,0.0845,60149,2,0,2,0,2,3
2007,New York,0.48,0,1,0,1,,0,19422777,0.72,,0.25,,0,1,75.59,0.0686,60291,2,0,2,0,2,3
2008,New York,0.48,0,1,0,1,,0,19467789,0.71,,0.25,,0,1,76.60,-0.0087,58322,2,0,2,0,2,3
2009,New York,0.48,0,1,1,1,,0,19541453,0.70,,0.25,,0,1,80.20,-0.0091,59249,2,0,2,0,2,3
2010,New York,0.48,0,1,1,1,,0,19402920,0.69,,0.24,,0,1,80.20,-0.0354,61444,2,0,2,0,2,3
2011,New York,0.48,0,1,0,1,,0,19523202,0.69,,0.24,,0,1,76.69,0.0259,61290,2,0,2,0,2,3
2012,New York,0.48,0,1,0,1,,0,19606981,0.70,,0.23,,0,1,76.69,0.0268,62777,2,0,2,0,2,3
2013,New York,0.48,0,1,1,1,,0,19691032,0.68,,0.24,,0,1,81.11,0.0104,62610,2,0,2,0,2,3
2014,New York,0.48,0,1,1,1,26,0,19748858,0.68,,0.25,,0,1,81.15,0.0256,63217,2,0,2,0,2,3
2015,New York,0.48,0,0,0,1,,,19795791,0.72,,0.25,,0,1,,,63929,2,0,2,0,2,3
2001,North Carolina,0.149,0,1,1,1,,0,8203451,0.10,,0.04,,1,0,77.15,-0.0255,42571,0,1,1,0,3,3
2002,North Carolina,0.149,0,1,1,1,,0,8316617,0.06,,0.03,,1,0,77.45,-0.0334,42607,0,1,1,0,3,3
2003,North Carolina,0.198,0,1,1,1,,0,8416451,0.10,,0.03,,1,0,71.98,-0.0137,43098,0,1,1,0,3,3
2004,North Carolina,0.198,0,1,1,1,,0,8531283,0.09,,0.03,,1,0,74.17,0.0186,43894,0,1,1,0,3,3
2005,North Carolina,0.198,0,1,1,1,,0,8669452,0.09,,0.03,,1,0,75.49,0.0521,45122,0,1,1,0,3,3
2006,North Carolina,0.198,0,1,1,1,,0,8866977,0.10,,0.03,,1,0,75.49,0.0449,46349,0,1,1,0,3,3
2007,North Carolina,0.198,0,1,1,1,,0,9064074,0.10,,0.03,,1,0,77.03,0.0440,45285,0,1,1,0,3,3
2008,North Carolina,0.198,0,1,1,1,,0,9247134,0.11,,0.04,,1,0,77.03,-0.0479,45321,0,1,1,0,3,3
2009,North Carolina,0.198,0,1,1,1,,0,9380884,0.08,,0.03,,1,0,75.49,-0.1105,43273,0,1,1,0,3,3
2010,North Carolina,0.198,0,1,1,1,,0,9558979,0.11,,0.03,,1,0,75.49,0.0193,43281,0,1,1,0,3,3
2011,North Carolina,0.198,0,1,0,0,,0,9651025,0.09,,0.03,,1,0,47.13,-0.0002,43302,0,1,1,0,3,3
2012,North Carolina,0.198,0,0,0,0,,0,9747021,0.09,,0.03,,1,0,47.13,-0.0167,42746,0,1,1,0,3,3
2013,North Carolina,0.198,0,0,0,0,,0,9845432,0.09,,0.03,,1,0,6.65,0.0209,42852,0,1,1,0,3,3
2014,North Carolina,0.198,0,0,0,0,31,0,9940387,0.11,,0.02,,1,0,6.65,-0.0406,43332,0,1,1,0,3,3
2015,North Carolina,0.198,0,1,0,0,,,10042802,0.11,,0.03,,1,0,,,44054,0,1,1,0,3,3
2001,North Dakota,0.058,0,0,0,0,,1,636267,0.15,,0.07,,1,1,21.65,-0.0303,36030,0,2,1 or 2,0,2,3
2002,North Dakota,0.058,0,0,0,0,,1,633617,0.13,,0.08,,1,1,21.65,-0.0542,38040,0,2,1 or 2,0,2,3
2003,North Dakota,0.051,0,0,0,0,,1,632809,0.18,,0.07,,1,1,28.83,0.0300,40429,0,2,1 or 2,0,2,3
2004,North Dakota,0.051,0,0,0,0,,1,636303,0.16,,0.08,,1,1,28.83,0.0067,40368,0,2,1 or 2,0,2,3
2005,North Dakota,0.051,0,0,0,0,,1,635365,0.17,,0.07,,1,1,28.83,0.1022,41453,0,2,1 or 2,0,2,3
2006,North Dakota,0.051,0,0,0,0,,1,636771,0.17,,0.07,,1,1,28.83,0.1134,42913,0,2,1 or 2,0,2,3
2007,North Dakota,0.051,0,0,0,0,,1,638202,0.17,,0.06,,1,1,33.06,0.0636,44087,0,2,1 or 2,0,2,3
2008,North Dakota,0.051,0,0,0,0,,1,641421,0.16,,0.06,,1,1,33.06,0.2406,48062,0,2,1 or 2,0,2,3
2009,North Dakota,0.051,0,0,0,0,,1,646844,0.15,,0.07,,1,1,24.34,0.0361,48670,0,2,1 or 2,0,2,3
2010,North Dakota,0.051,0,0,0,0,,1,674530,0.17,,0.07,,1,1,24.34,0.0629,51943,0,2,1 or 2,0,2,3
2011,North Dakota,0.051,0,0,0,0,,1,685326,0.21,,0.06,,1,1,26.56,0.0675,57012,0,2,1 or 2,0,2,3
2012,North Dakota,0.051,0,0,0,0,,1,702265,0.20,,0.06,,1,1,26.56,0.3396,67753,0,2,1 or 2,0,2,3
2013,North Dakota,0.051,0,0,0,0,,1,723626,0.22,,0.06,,1,1,26.91,0.2213,67041,0,2,1 or 2,0,2,3
2014,North Dakota,0.051,0,0,0,0,0,1,740040,0.20,,0.05,,1,1,26.91,0.1126,69550,0,2,1 or 2,0,2,3
2015,North Dakota,0.051,0,1,0,0,,,756927,0.18,,0.05,,1,1,,,66507,0,2,1 or 2,0,2,3
2001,Ohio,0.315,1,0,0,0,,1,11396874,0.38,,0.18,,0,1,23.75,-0.0330,41723,0,1,0,1 or 2,2,3
2002,Ohio,0.315,1,0,0,0,,1,11420981,0.48,,0.17,,0,1,24.00,0.0081,42613,0,1,0,1 or 2,2,3
2003,Ohio,0.304,1,0,0,0,,1,11445180,0.46,,0.17,,0,1,23.79,0.0011,43223,0,1,0,1 or 2,2,3
2004,Ohio,0.304,1,0,0,0,,1,11464593,0.40,,0.15,,0,1,23.79,0.0581,44413,0,1,0,1 or 2,2,3
2005,Ohio,0.304,1,0,0,0,,1,11475262,0.43,,0.16,,0,1,23.17,0.0324,44772,0,1,0,1 or 2,2,3
2006,Ohio,0.304,1,0,0,0,,1,11492495,0.43,,0.14,,0,1,22.90,0.0232,44738,0,1,0,1 or 2,2,3
2007,Ohio,0.304,1,1,0,0,,1,11520815,0.44,,0.14,,0,1,57.56,-0.0181,44584,0,1,0,1 or 2,2,3
2008,Ohio,0.304,1,1,0,0,,1,11528072,0.41,,0.14,,0,1,57.56,-0.0234,43646,0,1,0,1 or 2,2,3
2009,Ohio,0.304,1,1,0,1,,1,11542645,0.42,,0.14,,0,1,63.11,-0.0807,41453,0,1,0,1 or 2,2,3
2010,Ohio,0.304,1,1,0,1,,1,11540766,0.44,,0.14,,0,1,63.11,-0.0311,42299,0,1,0,1 or 2,2,3
2011,Ohio,0.304,1,0,0,0,,1,11545442,0.46,,0.13,,0,1,14.02,0.0280,43610,0,1,0,1 or 2,2,3
2012,Ohio,0.304,1,0,0,0,,1,11551783,0.46,,0.13,,0,1,14.02,0.0145,44394,0,1,1,1 or 2,2,3
2013,Ohio,0.304,1,0,0,0,,1,11572232,0.50,,0.13,,0,1,11.86,0.0443,44736,0,1,1,1 or 2,2,3
2014,Ohio,0.304,1,0,0,0,6,1,11596998,0.49,,0.12,,0,1,11.86,-0.0356,46137,0,1,1,1 or 2,2,3
2015,Ohio,0.304,1,1,0,0,,,11613423,0.50,,0.12,,0,1,,,46867,0,1,1,1 or 2,2,3
2001,Oklahoma,0.188,1,0,1,1,,0,3464729,0.15,,0.08,,1,1,37.71,0.0515,35201,0,1,1 or 2,0,2,3
2002,Oklahoma,0.188,1,0,1,1,,0,3484754,0.21,,0.09,,1,1,37.41,-0.0666,35305,0,1,1 or 2,0,2,3
2003,Oklahoma,0.187,1,1,1,1,,0,3498687,0.21,,0.07,,1,1,65.33,-0.0499,35822,0,1,1 or 2,0,2,3
2004,Oklahoma,0.187,1,1,1,1,,0,3514449,0.19,,0.06,,1,1,65.83,0.0534,36689,0,1,1 or 2,0,2,3
2005,Oklahoma,0.187,1,1,1,0,,0,3532769,0.17,,0.05,,1,1,51.39,0.0255,37610,0,1,1 or 2,0,2,3
2006,Oklahoma,0.187,1,1,1,0,,0,3574334,0.13,,0.06,,1,1,51.39,0.0896,39155,0,1,1 or 2,0,2,3
2007,Oklahoma,0.187,1,1,1,0,,0,3612186,0.18,,0.07,,1,1,47.81,0.0016,39289,0,1,1 or 2,0,2,3
2008,Oklahoma,0.187,1,1,1,0,,0,3644025,0.18,,0.07,,1,1,47.81,-0.0231,39671,0,1,1 or 2,0,2,3
2009,Oklahoma,0.187,1,1,0,1,,0,3687050,0.21,,0.06,,1,1,42.26,-0.0263,38568,0,1,1 or 2,0,2,3
2010,Oklahoma,0.187,1,1,0,0,,0,3759596,0.19,,0.06,,1,1,42.26,-0.1591,38658,0,1,1 or 2,0,2,3
2011,Oklahoma,0.187,1,0,0,0,,0,3786626,0.16,,0.06,,1,1,11.09,0.0569,40303,0,1,1 or 2,0,2,3
2012,Oklahoma,0.187,1,0,0,0,,0,3817679,0.17,,0.08,,1,1,11.09,0.1025,41769,0,1,1 or 2,0,2,3
2013,Oklahoma,0.187,1,0,0,0,,0,3853405,0.21,,0.08,,1,1,8.75,-0.0159,42475,0,1, 1 or 2,0,2,3
2014,Oklahoma,0.187,1,0,0,0,21,0,3879610,0.25,,0.06,,1,1,8.75,0.0008,43588,0,1,1 or 2,0,2,3
2015,Oklahoma,0.187,1,1,0,0,,,3911338,0.20,,0.06,,1,1,,,43788,0,1,1 or 2,0,2,3
2001,Oregon,0.153,1,1,0,0,,1,3470382,0.51,,0.16,,0,1,65.30,-0.0473,37387,0,2,2,0,2,3
2002,Oregon,0.153,1,1,0,0,,1,3517111,0.54,,0.16,,0,1,65.30,-0.1488,37916,0,2,2,0,2,3
2003,Oregon,0.159,0,1,1,0,,1,3550180,0.51,,0.16,,0,1,65.77,0.0697,38985,0,2,2,0,2,3
2004,Oregon,0.159,0,1,1,0,,1,3573505,0.50,,0.15,,0,1,65.77,0.0358,42244,0,2,2,0,2,3
2005,Oregon,0.159,0,1,1,0,,1,3617869,0.59,,0.15,,0,1,74.62,0.0213,42562,0,2,2,0,2,3
2006,Oregon,0.159,0,1,1,0,,1,3677545,0.52,,0.14,,0,1,74.62,0.1091,45594,0,2,2,0,2,3
2007,Oregon,0.159,0,1,1,1,,1,3732957,0.58,,0.14,,0,1,81.14,-0.0216,46385,0,2,2,0,2,3
2008,Oregon,0.159,0,1,1,1,,1,3782991,0.60,,0.17,,0,1,81.14,-0.0795,48323,0,2,2,0,2,3
2009,Oregon,0.159,0,1,1,1,,1,3825657,0.52,,0.17,,0,1,84.90,-0.0566,47582,0,2,2,0,2,3
2010,Oregon,0.159,0,1,1,1,,1,3837972,0.49,,0.16,,0,1,84.90,0.0258,49686,0,2,2,0,2,3
2011,Oregon,0.159,0,1,1,1,,1,3868509,0.49,,0.17,,0,1,72.35,0.0316,51362,0,2,2,0,2,3
2012,Oregon,0.159,0,1,1,1,,1,3899444,0.53,,0.16,,0,1,72.35,0.0577,49403,0,2,2,0,2,3
2013,Oregon,0.159,0,1,1,1,,1,3928030,0.55,,0.14,,0,1,78.46,0.0269,48323,0,2,2,0,2,3
2014,Oregon,0.159,0,1,1,1,34,1,3971202,0.52,,0.16,,0,1,78.46,0.0291,48264,0,2,2,0,2,3
2015,Oregon,0.159,0,1,1,1,,,4028977,0.50,,0.15,,0,1,,,49482,0,2,1,0,0,3
2001,Pennsylvania,0.283,0,0,0,0,,0,12299533,0.50,,0.17,,0,1,29.06,-0.0247,42794,0,2,2,0,3,3
2002,Pennsylvania,0.283,0,0,0,0,,0,12326302,0.53,,0.16,,0,1,29.06,-0.0373,43153,0,2,2,0,3,3
2003,Pennsylvania,0.339,0,1,0,0,,0,12357524,0.51,,0.15,,0,1,58.64,0.0210,43853,0,2,2,0,3,3
2004,Pennsylvania,0.339,0,1,0,0,,0,12388368,0.55,,0.15,,0,1,58.13,0.0613,44536,0,2,2,0,3,3
2005,Pennsylvania,0.339,0,1,0,0,,0,12418161,0.52,,0.14,,0,1,57.05,0.0371,45001,0,2,2,0,3,3
2006,Pennsylvania,0.339,0,1,0,0,,0,12471142,0.50,,0.14,,0,1,57.05,0.0268,45444,0,2,2,0,3,3
2007,Pennsylvania,0.339,0,1,0,1,,0,12522531,0.53,,0.15,,0,1,60.96,0.0281,45834,0,2,2,0,3,3
2008,Pennsylvania,0.339,0,1,0,1,,0,12566368,0.53,,0.15,,0,1,60.96,0.0000,45819,0,2,2,0,3,3
2009,Pennsylvania,0.339,0,1,0,1,,0,12604767,0.52,,0.15,,0,1,61.69,-0.0648,44823,0,2,2,0,3,3
2010,Pennsylvania,0.339,0,1,0,1,,0,12712014,0.51,,0.15,,0,1,60.77,-0.0165,45731,0,2,2,0,3,3
2011,Pennsylvania,0.339,0,0,0,0,,0,12745202,0.49,,0.15,,0,1,25.28,0.0369,46239,0,2,2,0,3,3
2012,Pennsylvania,0.339,0,0,0,0,,0,12772789,0.49,,0.13,,0,1,25.28,-0.0046,46648,0,2,2,0,3,3
2013,Pennsylvania,0.339,0,0,0,0,,0,12783536,0.53,,0.13,,0,1,27.78,0.0153,47159,0,2,2,0,3,3
2014,Pennsylvania,0.339,0,0,0,0,12,0,12793767,0.55,,0.13,,0,1,27.46,-0.0099,48203,0,2,2,0,3,3
2015,Pennsylvania,0.339,0,1,0,0,,,12802503,0.57,,0.13,,0,1,,,48944,0,2,2,0,3,3
2001,Rhode Island,0.113,0,0,1,1,,1,1058051,0.62,,0.17,,0,1,73.04,0.0661,41818,0,2,2,0,2,3
2002,Rhode Island,0.113,0,0,1,1,,1,1066034,0.67,,0.17,,0,1,73.04,-0.0757,42917,0,2,2,0,2,3
2003,Rhode Island,0.133,0,0,1,1,,1,1071504,0.66,,0.17,,0,1,73.04,0.0323,44491,0,2,2,0,2,3
2004,Rhode Island,0.133,0,0,1,1,,1,1071414,0.61,,0.16,,0,1,73.04,0.0362,46084,0,2,2,0,2,3
2005,Rhode Island,0.133,0,0,1,1,,1,1064989,0.63,,0.16,,0,1,73.04,0.0622,46744,0,2,2,0,2,3
2006,Rhode Island,0.133,0,0,1,1,,1,1060196,0.64,,0.15,,0,1,73.04,0.0145,47904,0,2,2,0,2,3
2007,Rhode Island,0.133,0,0,1,1,,1,1055009,0.68,,0.15,,0,1,71.63,-0.0134,47045,0,2,2,0,2,3
2008,Rhode Island,0.133,0,0,1,1,,1,1053502,0.62,,0.17,,0,1,71.63,-0.0358,45853,0,2,2,0,2,3
2009,Rhode Island,0.133,0,0,1,1,,1,1053209,0.64,,0.18,,0,1,72.26,-0.0591,45366,0,2,2,0,2,3
2010,Rhode Island,0.133,0,0,1,1,,1,1053219,0.66,,0.16,,0,1,72.26,-0.0224,46324,0,2,2,0,2,3
2011,Rhode Island,0.133,0,1,1,1,,1,1051856,0.64,,0.17,,0,1,78.75,0.0250,46244,0,2,2,0,2,3
2012,Rhode Island,0.133,0,1,1,1,,1,1052393,0.61,,0.18,,0,1,78.75,0.0347,46681,0,2,2,0,2,3
2013,Rhode Island,0.133,0,1,1,1,,1,1052856,0.65,,0.17,,0,1,78.23,0.0099,46909,0,2,2,0,2,3
2014,Rhode Island,0.133,0,1,1,1,32,1,1054907,0.65,,0.15,,0,1,86.81,-0.0092,47852,0,2,2,0,2,3
2015,Rhode Island,0.133,0,1,1,1,,,1056298,0.65,,0.14,,0,1,,,48329,0,2,2,0,1,3
2001,South Carolina,0.135,0,1,0,0,,1,4062701,0.07,,0.05,,1,0,53.68,-0.0327,36309,0,1,0,0,2,3
2002,South Carolina,0.135,0,1,0,0,,1,4103934,0.03,,0.05,,1,0,52.59,-0.0757,36670,0,1,0,0,2,3
2003,South Carolina,0.124,0,0,0,0,,1,4146474,0.10,,0.04,,1,0,14.99,0.0103,37550,0,1,0,0,2,3
2004,South Carolina,0.124,0,0,0,0,,1,4201306,0.12,,0.03,,1,0,13.75,0.0277,37262,0,1,0,0,2,3
2005,South Carolina,0.124,0,0,0,0,,1,4256199,0.12,,0.02,,1,0,11.24,0.0260,37712,0,1,0,0,2,3
2006,South Carolina,0.124,0,0,0,0,,1,4339399,0.13,,0.03,,1,0,11.00,0.0061,37761,0,1,1,0,2,3
2007,South Carolina,0.124,0,0,0,0,,1,4424232,0.12,,0.04,,1,0,11.84,0.0679,37920,0,1,1,0,2,3
2008,South Carolina,0.124,0,0,0,0,,1,4503280,0.11,,0.04,,1,0,10.22,-0.0819,36929,0,1,1,0,2,3
2009,South Carolina,0.124,0,0,0,0,,1,4561242,0.11,,0.05,,1,0,11.42,-0.1037,35087,0,1,1,0,2,3
2010,South Carolina,0.124,0,0,0,0,,1,4635894,0.08,,0.05,,1,0,11.42,-0.0764,35366,0,1,1,0,2,3
2011,South Carolina,0.124,0,0,0,0,,1,4672733,0.07,,0.03,,1,0,2.58,0.0233,35812,0,1,1,0,2,3
2012,South Carolina,0.124,0,0,0,0,,1,4721341,0.05,,0.03,,1,0,2.58,0.0140,35512,0,1,1,0,2,3
2013,South Carolina,0.124,0,0,0,0,,1,4768498,0.11,,0.04,,1,0,0.00,0.0700,35519,0,1,1,0,2,3
2014,South Carolina,0.124,0,0,0,0,2,1,4829160,0.10,,0.02,,1,0,0.00,-0.0185,35962,0,1,1,0,2,3
2015,South Carolina,0.124,0,0,0,0,,,4896146,0.11,,0.02,,1,0,,,36174,0,1,1,0,2,3
2001,South Dakota,0.065,1,0,0,0,,1,758983,0.23,,0.06,,1,1,21.83,0.0217,36912,0,1,1,0,2,3
2002,South Dakota,0.065,1,0,0,0,,1,762107,0.16,,0.06,,1,1,21.83,-0.0193,40794,0,1,1,0,2,3
2003,South Dakota,0.064,1,0,0,0,,1,766975,0.15,,0.05,,1,1,32.50,0.0096,41738,0,1,1,0,2,3
2004,South Dakota,0.064,1,0,0,0,,1,774283,0.17,,0.06,,1,1,32.50,0.0127,42738,0,1,1,0,2,3
2005,South Dakota,0.064,1,0,0,0,,1,780084,0.16,,0.06,,1,1,21.83,0.0037,42960,0,1,1,0,2,3
2006,South Dakota,0.064,1,0,0,0,,1,788519,0.18,,0.06,,1,1,21.83,0.0273,42708,0,1,1,0,2,3
2007,South Dakota,0.064,1,0,0,0,,1,797035,0.18,,0.07,,1,1,23.36,0.0242,43740,0,1,1,0,2,3
2008,South Dakota,0.064,1,0,0,0,,1,804532,0.17,,0.05,,1,1,23.36,-0.0035,45208,0,1,1,0,2,3
2009,South Dakota,0.064,1,0,0,0,,1,812383,0.22,,0.06,,1,1,21.83,0.0088,45230,0,1,1,0,2,3
2010,South Dakota,0.064,1,0,0,0,,1,816299,0.21,,0.06,,1,1,21.83,-0.0422,45443,0,1,1,0,2,3
2011,South Dakota,0.064,1,0,0,0,,1,824289,0.20,,0.05,,1,1,22.85,0.0028,48195,0,1,1,0,2,3
2012,South Dakota,0.064,1,0,0,0,,1,834631,0.19,,0.06,,1,1,22.85,0.0667,47171,0,1,1,0,1,3
2013,South Dakota,0.064,1,0,0,0,,1,845270,0.16,,0.05,,1,1,22.85,-0.0196,47172,0,1,1,0,1,3
2014,South Dakota,0.064,1,0,0,0,0,1,853304,0.16,,0.05,,1,1,22.85,0.0228,46917,0,1,1,0,1,3
2015,South Dakota,0.064,1,0,0,0,,,858469,0.16,,0.06,,1,1,,,47460,0,1,1,0,1,3
2001,Tennessee,0.215,0,0,1,1,,0,21332847,0.17,,0.06,,1,0,40.99,0.0244,45462,0,2,1 or 2,0,2,3
2002,Tennessee,0.215,0,0,1,1,,0,21710788,0.17,,0.05,,1,0,39.79,-0.0576,45381,0,2,1 or 2,0,2,3
2003,Tennessee,0.199,0,1,1,1,,0,22057801,0.17,,0.06,,1,0,68.96,-0.0223,44959,0,2,1 or 2,0,2,3
2004,Tennessee,0.199,0,1,1,1,,0,22418319,0.19,,0.05,,1,0,68.96,0.0123,46396,0,2,1 or 2,0,2,3
2005,Tennessee,0.199,0,1,0,1,,0,22801920,0.17,,0.05,,1,0,61.69,0.0138,46451,0,2,1 or 2,0,2,3
2006,Tennessee,0.199,0,1,0,1,,0,23369024,0.17,,0.05,,1,0,60.72,0.0538,47876,0,2,1 or 2,0,2,3
2007,Tennessee,0.199,0,1,0,1,,0,23837701,0.16,,0.05,,1,0,61.81,0.0503,49068,0,2,1 or 2,0,2,3
2008,Tennessee,0.199,0,1,1,1,,0,24304290,0.15,,0.05,,1,0,64.35,0.0672,48322,0,2,1 or 2,0,2,3
2009,Tennessee,0.199,0,1,0,0,,0,24782302,0.15,,0.05,,1,0,52.21,-0.0978,47233,0,2,1 or 2,0,2,3
2010,Tennessee,0.199,0,1,0,0,,0,25244363,0.16,,0.05,,1,0,51.57,-0.0859,47746,0,2,1 or 2,0,2,3
2011,Tennessee,0.199,0,0,0,0,,0,25654464,0.17,,0.05,,1,0,11.13,0.0415,48595,0,2,1 or 2,0,2,3
2012,Tennessee,0.199,0,0,0,0,,0,26089741,0.17,,0.06,,1,0,10.69,0.0711,50356,0,2,1 or 2,0,2,3
2013,Tennessee,0.199,0,0,0,0,,0,26500674,0.18,,0.05,,1,0,10.69,0.0475,51695,0,2,1 or 2,0,2,3
2014,Tennessee,0.199,0,0,0,0,21,0,26979078,0.15,,0.05,,1,0,10.69,0.0321,52742,0,2,1 or 2,0,2,3
2015,Tennessee,0.199,0,0,0,0,,,27469114,0.17,,0.05,,1,0,,,53707,0,2,1 or 2,0,1,3
2001,Texas,0.117,0,0,0,1,,1,5755443,0.19,,0.08,,1,1,63.93,0.0018,39175,1,0,0-1,0,1,3
2002,Texas,0.117,0,0,0,1,,1,5803306,0.18,,0.09,,1,1,60.91,-0.0533,40084,1,0,0-1,0,1,3
2003,Texas,0.116,0,0,0,0,,1,5856522,0.22,,0.08,,1,1,11.18,0.0955,40915,1,0,0-1,0,1,3
2004,Texas,0.116,0,0,0,0,,1,5916762,0.15,,0.07,,1,1,11.18,0.0418,42223,1,0,0-1,0,1,3
2005,Texas,0.116,0,0,0,0,,1,5995748,0.15,,0.05,,1,1,10.36,0.0022,42087,1,0,0-1,0,1,3
2006,Texas,0.116,0,0,0,0,,1,6089453,0.18,,0.06,,1,1,10.07,0.0149,42247,1,0,0-1,0,1,3
2007,Texas,0.116,0,0,0,0,,1,6172862,0.17,,0.05,,1,1,13.01,0.0245,41241,1,0,0-1,0,1,3
2008,Texas,0.116,0,0,0,0,,1,6240456,0.16,,0.06,,1,1,13.99,-0.0349,41201,1,0,0-1,0,1,3
2009,Texas,0.116,0,0,0,0,,1,6296254,0.17,,0.05,,1,1,15.66,-0.1012,39220,1,0,0-1,0,1,3
2010,Texas,0.116,0,0,0,0,,1,6356585,0.22,,0.05,,1,1,15.17,-0.0166,39664,1,0,0-1,0,1,3
2011,Texas,0.116,0,0,0,0,,1,6398408,0.17,,0.05,,1,1,8.66,0.0441,40465,1,0,0-1,0,1,3
2012,Texas,0.116,0,0,0,0,,1,6455469,0.17,,0.05,,1,1,8.66,-0.0307,41469,1,0,0-1,0,1,3
2013,Texas,0.116,0,0,0,0,,1,6496130,0.19,,0.06,,1,1,6.97,0.0093,41642,1,0,0-1,0,1,3
2014,Texas,0.116,0,0,0,0,2,1,6547779,0.23,,0.05,,1,1,6.97,-0.0173,41955,1,0,0-1,0,1,3
2015,Texas,0.116,0,0,0,0,,,6600299,0.18,,0.05,,1,1,,,42457,1,0,0-1,0,1,3
2001,Utah,0.067,1,0,0,0,,1,2291250,0.13,,0.07,,1,0,17.49,-0.0221,39255,0,1,1,0,2,3
2002,Utah,0.067,1,0,0,0,,1,2334473,0.12,,0.06,,1,0,17.49,-0.0682,39134,0,1,1,0,2,3
2003,Utah,0.065,1,0,0,0,,1,2379938,0.12,,0.05,,1,0,16.05,-0.0293,39383,0,1,1,0,2,3
2004,Utah,0.065,0,0,0,0,,1,2438915,0.16,,0.06,,1,0,16.05,0.0152,40506,0,1,1,0,2,3
2005,Utah,0.065,0,0,0,0,,1,2499637,0.18,,0.05,,1,0,16.05,0.0595,41880,0,1,1,0,2,3
2006,Utah,0.065,0,0,0,0,,1,2583724,0.18,,0.05,,1,0,16.05,0.0942,44039,0,1,1,0,2,3
2007,Utah,0.065,0,0,0,0,,1,2663796,0.18,,0.06,,1,0,16.05,0.0518,45332,0,1,1,0,2,3
2008,Utah,0.065,0,0,0,0,,1,2727343,0.16,,0.06,,1,0,16.05,-0.0547,43576,0,1,1,0,2,3
2009,Utah,0.065,0,0,0,0,,1,2784572,0.18,,0.07,,1,0,13.79,-0.1292,42052,0,1,1,0,2,3
2010,Utah,0.065,0,0,0,0,,1,2775426,0.18,,0.07,,1,0,13.79,-0.0674,41993,0,1,1,0,2,3
2011,Utah,0.065,0,0,0,0,,1,2816440,0.16,,0.06,,1,0,4.52,0.0063,42521,0,1,1,0,2,3
2012,Utah,0.065,0,0,0,0,,1,2856343,0.20,,0.05,,1,0,4.52,0.0170,42282,0,1,1,0,2,3
2013,Utah,0.065,0,0,0,0,,1,2903685,0.20,,0.04,,1,0,6.32,0.0562,42796,0,1,1,0,2,3
2014,Utah,0.065,0,0,0,0,0,1,2944498,0.21,,0.04,,1,0,6.32,-0.0319,43154,0,1,1,0,2,3
2015,Utah,0.065,0,0,0,0,,,2995919,0.22,,0.04,,1,0,,,43798,0,1,1,0,2,3
2001,Vermont,0.117,0,1,1,0,,1,612153,0.51,,0.11,,0,1,80.41,0.0132,37249,0,2,2,0,1,3
2002,Vermont,0.117,0,1,1,0,,1,614950,0.46,,0.10,,0,1,79.95,-0.0425,38218,0,2,2,0,1,3
2003,Vermont,0.144,0,0,1,1,,1,616559,0.41,,0.10,,0,1,67.41,0.0001,39662,0,2,2,0,1,3
2004,Vermont,0.144,0,0,1,1,,1,618145,0.43,,0.10,,0,1,67.41,0.0999,40954,0,2,2,0,1,3
2005,Vermont,0.144,0,0,1,1,,1,618814,0.49,,0.11,,0,1,72.26,0.2254,41504,0,2,2,0,1,3
2006,Vermont,0.144,0,0,1,1,,1,619985,0.46,,0.11,,0,1,72.26,0.0362,41646,0,2,2,0,1,3
2007,Vermont,0.144,0,0,1,1,,1,620460,0.45,,0.10,,0,1,73.51,0.0350,41330,0,2,2,0,1,3
2008,Vermont,0.144,0,0,1,1,,1,621049,0.40,,0.10,,0,1,73.51,-0.0446,41498,0,2,2,0,1,3
2009,Vermont,0.144,0,0,1,1,,1,621760,0.43,,0.12,,0,1,73.65,-0.0129,40367,0,2,2,0,1,3
2010,Vermont,0.144,0,0,1,1,,1,625984,0.41,,0.12,,0,1,73.65,-0.0156,41819,0,2,2,0,1,3
2011,Vermont,0.144,0,1,1,1,,1,626687,0.39,,0.12,,0,1,90.08,0.0365,42962,0,2,2,0,1,3
2012,Vermont,0.144,0,1,1,1,,1,626398,0.42,,0.11,,0,1,90.08,-0.0044,42978,0,2,2,0,1,3
2013,Vermont,0.144,0,1,1,1,,1,627129,0.34,,0.11,,0,1,90.08,0.0276,42771,0,2,2,0,1,3
2014,Vermont,0.144,0,1,1,1,32,1,626767,0.33,,0.11,,0,1,90.08,0.0233,43435,0,2,2,0,1,3
2015,Vermont,0.144,0,1,1,1,,,626042,0.40,,0.13,,0,1,,,43553,0,2,2,0,1,3
2001,Virginia,0.15,0,0,0,0,,0,7191304,0.14,,0.05,,1,0,23.16,-0.0074,48211,0,1,1,0,1,3
2002,Virginia,0.15,0,1,0,0,,0,7283541,0.13,,0.06,,1,0,55.37,-0.0503,47854,0,1,1,0,1,3
2003,Virginia,0.131,0,1,0,0,,0,7373694,0.12,,0.07,,1,0,53.07,-0.0183,49095,0,1,1,0,1,3
2004,Virginia,0.131,0,1,0,0,,0,7468914,0.10,,0.05,,1,0,51.49,0.0530,50258,0,1,1,0,1,3
2005,Virginia,0.131,0,1,0,0,,0,7563887,0.14,,0.05,,1,0,51.73,0.0673,52227,0,1,1,0,1,3
2006,Virginia,0.131,0,1,0,0,,0,7646996,0.11,,0.04,,1,0,53.95,0.0384,52765,0,1,1,0,1,3
2007,Virginia,0.131,0,1,0,0,,0,7719749,0.12,,0.04,,1,0,52.27,0.0397,52561,0,1,1,0,1,3
2008,Virginia,0.131,0,1,0,0,,0,7795424,0.09,,0.04,,1,0,63.59,-0.0640,52068,0,1,1,0,1,3
2009,Virginia,0.131,0,1,1,0,,0,7882590,0.09,,0.05,,1,0,59.63,-0.1012,51707,0,1,1,0,1,3
2010,Virginia,0.131,0,0,1,0,,0,8025787,0.08,,0.05,,1,0,57.60,-0.0400,52279,0,1,1,0,1,3
2011,Virginia,0.131,0,0,1,0,,0,8110783,0.10,,0.05,,1,0,24.61,0.0181,52093,0,1,1,0,1,3
2012,Virginia,0.131,0,0,1,0,,0,8193374,0.13,,0.04,,1,0,19.48,0.0100,51942,0,1,1,0,1,3
2013,Virginia,0.131,0,0,0,0,,0,8267875,0.16,,0.05,,1,0,19.55,0.0327,51347,0,1,1,0,1,3
2014,Virginia,0.131,0,1,0,0,13,0,8328098,0.16,,0.05,,1,0,51.35,-0.0347,51101,0,1,1,0,1,3
2015,Virginia,0.131,0,1,0,0,,,8382993,0.12,,0.05,,1,0,,,51480,0,1,1,0,1,3
2001,Washington,0.198,0,1,1,1,,1,5987785,0.46,,0.19,,0,1,73.20,-0.0317,48704,0,2,2,0,2,3
2002,Washington,0.198,0,1,1,1,,1,6056187,0.49,,0.19,,0,1,73.20,-0.0305,49058,0,2,2,0,2,3
2003,Washington,0.197,0,1,0,1,,1,6113262,0.57,,0.20,,0,1,69.95,-0.0047,49457,0,2,2,0,2,3
2004,Washington,0.197,0,1,0,1,,1,6184289,0.51,,0.19,,0,1,69.95,0.0313,49648,0,2,2,0,2,3
2005,Washington,0.197,0,1,1,1,,1,6261282,0.52,,0.19,,0,1,77.75,0.0200,52021,0,2,2,0,2,3
2006,Washington,0.197,0,1,1,1,,1,6372243,0.57,,0.20,,0,1,77.75,0.0518,52727,0,2,2,0,2,3
2007,Washington,0.197,0,1,1,1,,1,6464979,0.53,,0.20,,0,1,84.88,0.0346,54931,0,2,2,0,2,3
2008,Washington,0.197,0,1,1,1,,1,6566073,0.51,,0.20,,0,1,84.88,-0.0375,54740,0,2,2,0,2,3
2009,Washington,0.197,0,1,1,1,,1,6664195,0.54,,0.20,,0,1,84.88,-0.0979,52691,0,2,2,0,2,3
2010,Washington,0.197,0,1,1,1,,1,6743060,0.56,,0.19,,0,1,84.88,-0.0450,53051,0,2,2,0,2,3
2011,Washington,0.197,0,1,1,1,,1,6823229,0.51,,0.19,,0,1,78.70,0.0357,52822,0,2,2,0,2,3
2012,Washington,0.197,0,1,1,1,,1,6897292,0.47,,0.19,,0,1,78.70,-0.0193,53622,0,2,2,0,2,3
2013,Washington,0.197,0,1,1,1,,1,6973281,0.49,,0.19,,0,1,76.30,0.0391,53760,0,2,2,0,2,3
2014,Washington,0.197,0,1,1,1,40,1,7063166,0.43,,0.17,,0,1,74.92,0.0059,54662,0,2,2,0,1,3
2015,Washington,0.197,0,1,0,1,,,7170351,0.45,,0.17,,0,1,,,55403,0,2,2,0,1,3
2001,West Virginia,0.116,0,1,1,1,,1,1798582,0.26,,0.15,,1,0,54.79,-0.0019,31992,0,2,2,0,2,3
2002,West Virginia,0.116,0,1,1,1,,1,1799411,0.21,,0.13,,1,0,54.79,0.0190,32266,0,2,2,0,2,3
2003,West Virginia,0.125,0,1,1,1,,1,1802238,0.24,,0.13,,1,0,81.25,-0.0140,32246,0,2,2,0,2,3
2004,West Virginia,0.125,0,1,1,1,,1,1803302,0.25,,0.14,,1,0,81.25,0.0134,32782,0,2,2,0,2,3
2005,West Virginia,0.125,0,1,1,1,,1,1803920,0.27,,0.14,,1,0,81.25,0.1073,33551,0,2,2,0,2,3
2006,West Virginia,0.125,0,1,1,1,,1,1807237,0.26,,0.14,,1,0,81.25,0.0197,33935,0,2,2,0,2,3
2007,West Virginia,0.125,0,1,1,1,,1,1811198,0.27,,0.13,,1,0,81.25,-0.0106,33716,0,2,2,0,2,3
2008,West Virginia,0.125,0,1,1,1,,1,1814873,0.25,,0.14,,1,0,81.25,0.0100,34453,0,2,2,0,2,3
2009,West Virginia,0.125,0,1,1,1,,1,1819777,0.23,,0.14,,1,0,82.62,-0.0201,34358,0,2,2,0,2,3
2010,West Virginia,0.125,0,1,1,1,,1,1854225,0.30,,0.15,,1,0,82.62,-0.0163,35210,0,2,2,0,2,3
2011,West Virginia,0.125,0,1,1,1,,1,1854948,0.28,,0.14,,1,0,76.30,0.0512,36048,0,2,2,0,2,3
2012,West Virginia,0.125,0,1,1,1,,1,1856283,0.29,,0.12,,1,0,76.30,-0.0073,35479,0,2,2,0,2,3
2013,West Virginia,0.125,0,1,1,1,,1,1852985,0.25,,0.13,,1,0,73.32,0.0067,36038,0,2,2,0,2,3
2014,West Virginia,0.125,0,1,1,1,42,1,1848751,0.26,,0.11,,1,0,72.82,-0.0161,36337,0,2,1 or 2,0,2,3
2015,West Virginia,0.125,0,1,0,0,,,1844128,0.26,,0.12,,1,0,,,36486,0,2,1 or 2,0,2,3
2001,Wisconsin,0.459,0,0,1,0,,0,5408769,0.26,,0.16,,1,1,21.09,-0.0960,41862,0,1,1,1,3,2
2002,Wisconsin,0.459,0,0,1,0,,0,5446766,0.31,,0.16,,1,1,21.09,-0.0189,42530,0,1,1,1,3,2
2003,Wisconsin,0.439,0,1,0,0,,0,5476796,0.36,,0.16,,1,1,46.67,-0.0053,43553,0,1,1,1,3,2
2004,Wisconsin,0.439,0,1,0,0,,0,5511385,0.37,,0.16,,1,1,49.34,0.0114,44615,0,1,1,1,3,2
2005,Wisconsin,0.439,0,1,0,0,,0,5541443,0.50,,0.16,,1,1,47.60,0.0008,45266,0,1,1,1,3,2
2006,Wisconsin,0.439,0,1,0,0,,0,5571680,0.47,,0.15,,1,1,47.60,0.0099,45646,0,1,1,1,3,2
2007,Wisconsin,0.439,0,1,1,0,,0,5601571,0.54,,0.14,,1,1,68.31,0.0151,45533,0,1,1,1,3,2
2008,Wisconsin,0.439,0,1,1,0,,0,5627610,0.48,,0.15,,1,1,68.31,-0.0128,44742,0,1,1,1,3,2
2009,Wisconsin,0.439,0,1,1,1,,0,5654774,0.51,,0.15,,1,1,77.62,-0.0330,43359,0,1,1,1,3,2
2010,Wisconsin,0.439,0,1,1,1,,0,5690204,0.54,,0.14,,1,1,77.62,-0.0251,44296,0,1,1,1,3,2
2011,Wisconsin,0.439,0,0,0,0,,0,5709720,0.50,,0.13,,1,1,3.16,0.0320,45115,0,1,1,1,3,2
2012,Wisconsin,0.439,0,0,1,0,,0,5726422,0.52,,0.11,,1,1,8.42,0.0179,45639,0,1,1,1,3,2
2013,Wisconsin,0.439,0,0,0,0,,0,5743653,0.54,,0.12,,1,1,6.11,0.0151,45811,0,1,1,1,3,2
2014,Wisconsin,0.439,0,0,0,0,17,0,5759432,0.53,,0.12,,1,1,6.11,-0.0251,46676,0,1,1,1,3,2
2015,Wisconsin,0.439,0,0,0,0,,,5771337,0.51,,0.08,,1,1,,,47414,0,1,1,1,3,2
2001,Wyoming,0.057,1,0,0,0,,1,492982,0.14,,0.09,,1,0,11.68,0.1331,53536,0,2,0,2,1,3
2002,Wyoming,0.057,1,0,0,0,,1,497069,0.12,,0.08,,1,0,11.68,-0.0522,53786,0,2,0,2,1,3
2003,Wyoming,0.054,1,1,0,0,,1,499189,0.10,,0.08,,1,0,52.29,0.0804,54908,0,2,0,2,1,3
2004,Wyoming,0.054,1,1,0,0,,1,502988,0.13,,0.08,,1,0,52.29,0.1904,56370,0,2,0,2,1,3
2005,Wyoming,0.054,0,1,0,0,,1,506242,0.14,,0.08,,1,0,51.74,0.1073,58273,0,2,0,2,1,3
2006,Wyoming,0.054,0,1,0,0,,1,512841,0.15,,0.08,,1,0,51.74,0.1620,64191,0,2,0,2,1,3
2007,Wyoming,0.054,0,1,0,0,,1,523414,0.15,,0.08,,1,0,51.83,-0.0931,66302,0,2,0,2,1,3
2008,Wyoming,0.054,0,1,0,0,,1,532981,0.13,,0.08,,1,0,51.83,0.1210,69973,0,2,0,2,1,3
2009,Wyoming,0.054,0,1,0,0,,1,544270,0.16,,0.08,,1,0,49.92,0.1246,66472,0,2,0,2,1,3
2010,Wyoming,0.054,0,1,0,0,,1,564516,0.16,,0.07,,1,0,49.92,-0.2379,64625,0,2,0,2,1,3
2011,Wyoming,0.054,0,0,0,0,,1,567768,0.15,,0.07,,1,0,5.15,0.0145,64163,0,2,0,2,1,3
2012,Wyoming,0.054,0,0,0,0,,1,577080,0.17,,0.07,,1,0,5.15,-0.0224,60362,0,2,0,2,1,3
2013,Wyoming,0.054,0,0,0,0,,1,583131,0.18,,0.06,,1,0,5.15,-0.0751,59961,0,2,0,2,1,3
2014,Wyoming,0.054,0,0,0,0,8,1,584304,0.15,,0.07,,1,0,5.15,0.0172,60189,0,2,0,2,1,3
2015,Wyoming,0.054,0,0,0,0,,,586107,0.18,,0.07,,1,0,,,60231,0,2,0,2,1,3
2001,Puerto Rico,,,,,,,,,,,,,,,,,,,,,,2,3
2002,Puerto Rico,,,,,,,,,,,,,,,,,,,,,,2,3
2003,Puerto Rico,,,,,,,,,,,,,,,,,,,,,,2,3
2004,Puerto Rico,,,,,,,,,,,,,,,,,,,,,,2,3
2005,Puerto Rico,,,,,,,,,,,,,,,,,,,,,,2,3
2006,Puerto Rico,,,,,,,,,,,,,,,,,,,,,,2,3
2007,Puerto Rico,,,,,,,,,,,,,,,,,,,,,,2,3
2008,Puerto Rico,,,,,,,,,,,,,,,,,,,,,,2,3
2009,Puerto Rico,,,,,,,,,,,,,,,,,,,,,,2,3
2010,Puerto Rico,,,,,,,,,,,,,,,,,,,,,,2,3
2011,Puerto Rico,,,,,,,,,,,,,,,,,,,,,,2,3
2012,Puerto Rico,,,,,,,,,,,,,,,,,,,,,,2,3
2013,Puerto Rico,,,,,,,,,,,,,,,,,,,,,,2,3
2014,Puerto Rico,,,,,,,,,,,,,,,,,,,,,,2,3
2015,Puerto Rico,,,,,,,,,,,,,,,,,,,,,,2,3
,,,,,,,,,,,,,,,,,,,,,,,,
,,,,,,,,,,,,,,,,,,,,,,,,
,,,,,,,,,,,,,,,,,,,,,,,,
,,,,,,,,,,,,,,,,,,,,,,,,
,,,,,,,,,,,,,,,,,,,,,,,,
,,,,,,,,,,,,,,,,,,,,,,,,
,,,,,,,,,,,,,,,,,,,,,,,,
,,,,,,,,,,,,,,,,,,,,,,,,
,,,,,,,,,,,,,,,,,,,,,,,,
,,,,,,,,,,,,,,,,,,,,,,,,
,,,,,,,,,,,,,,,,,,,,,,,,
,,,,,,,,,,,,,,,,,,,,,,,,
,,,,,,,,,,,,,,,,,,,,,,,,
,,,,,,,,,,,,,,,,,,,,,,,,
,,,,,,,,,,,,,,,,,,,,,,,,
,,,,,,,,,,,,,,,,,,,,,,,,
,,,,,,,,,,,,,,,,,,,,,,,,
,,,,,,,,,,,,,,,,,,,,,,,,
,,,,,,,,,,,,,,,,,,,,,,,,
,,,,,,,,,,,,,,,,,,,,,,,,
,,,,,,,,,,,,,,,,,,,,,,,,
,,,,,,,,,,,,,,,,,,,,,,,,
,,,,,,,,,,,,,,,,,,,,,,,,
,,,,,,,,,,,,,,,,,,,,,,,,
,,,,,,,,,,,,,,,,,,,,,,,,
,,,,,,,,,,,,,,,,,,,,,,,,
,,,,,,,,,,,,,,,,,,,,,,,,
,,,,,,,,,,,,,,,,,,,,,,,,
,,,,,,,,,,,,,,,,,,,,,,,,
,,,,,,,,,,,,,,,,,,,,,,,,
,,,,,,,,,,,,,,,,,,,,,,,,
,,,,,,,,,,,,,,,,,,,,,,,,
,,,,,,,,,,,,,,,,,,,,,,,,
,,,,,,,,,,,,,,,,,,,,,,,,
,,,,,,,,,,,,,,,,,,,,,,,,
,,,,,,,,,,,,,,,,,,,,,,,,
,,,,,,,,,,,,,,,,,,,,,,,,
,,,,,,,,,,,,,,,,,,,,,,,,
,,,,,,,,,,,,,,,,,,,,,,,,
,,,,,,,,,,,,,,,,,,,,,,,,
,,,,,,,,,,,,,,,,,,,,,,,,
,,,,,,,,,,,,,,,,,,,,,,,,
,,,,,,,,,,,,,,,,,,,,,,,,
,,,,,,,,,,,,,,,,,,,,,,,,
,,,,,,,,,,,,,,,,,,,,,,,,
,,,,,,,,,,,,,,,,,,,,,,,,
,,,,,,,,,,,,,,,,,,,,,,,,
,,,,,,,,,,,,,,,,,,,,,,,,
,,,,,,,,,,,,,,,,,,,,,,,,
,,,,,,,,,,,,,,,,,,,,,,,,
,,,,,,,,,,,,,,,,,,,,,,,,
,,,,,,,,,,,,,,,,,,,,,,,,
,,,,,,,,,,,,,,,,,,,,,,,,
,,,,,,,,,,,,,,,,,,,,,,,,
,,,,,,,,,,,,,,,,,,,,,,,,
,,,,,,,,,,,,,,,,,,,,,,,,
,,,,,,,,,,,,,,,,,,,,,,,,
,,,,,,,,,,,,,,,,,,,,,,,,
,,,,,,,,,,,,,,,,,,,,,,,,
,,,,,,,,,,,,,,,,,,,,,,,,
,,,,,,,,,,,,,,,,,,,,,,,,
,,,,,,,,,,,,,,,,,,,,,,,,
,,,,,,,,,,,,,,,,,,,,,,,,
,,,,,,,,,,,,,,,,,,,,,,,,
,,,,,,,,,,,,,,,,,,,,,,,,
,,,,,,,,,,,,,,,,,,,,,,,,
,,,,,,,,,,,,,,,,,,,,,,,,
,,,,,,,,,,,,,,,,,,,,,,,,
,,,,,,,,,,,,,,,,,,,,,,,,
,,,,,,,,,,,,,,,,,,,,,,,,
,,,,,,,,,,,,,,,,,,,,,,,,
,,,,,,,,,,,,,,,,,,,,,,,,
,,,,,,,,,,,,,,,,,,,,,,,,
,,,,,,,,,,,,,,,,,,,,,,,,
,,,,,,,,,,,,,,,,,,,,,,,,
,,,,,,,,,,,,,,,,,,,,,,,,
,,,,,,,,,,,,,,,,,,,,,,,,
,,,,,,,,,,,,,,,,,,,,,,,,
,,,,,,,,,,,,,,,,,,,,,,,,
,,,,,,,,,,,,,,,,,,,,,,,,
,,,,,,,,,,,,,,,,,,,,,,,,
,,,,,,,,,,,,,,,,,,,,,,,,
,,,,,,,,,,,,,,,,,,,,,,,,
,,,,,,,,,,,,,,,,,,,,,,,,
,,,,,,,,,,,,,,,,,,,,,,,,
,,,,,,,,,,,,,,,,,,,,,,,,
,,,,,,,,,,,,,,,,,,,,,,,,
,,,,,,,,,,,,,,,,,,,,,,,,
,,,,,,,,,,,,,,,,,,,,,,,,
,,,,,,,,,,,,,,,,,,,,,,,,
,,,,,,,,,,,,,,,,,,,,,,,,
,,,,,,,,,,,,,,,,,,,,,,,,
,,,,,,,,,,,,,,,,,,,,,,,,
,,,,,,,,,,,,,,,,,,,,,,,,
,,,,,,,,,,,,,,,,,,,,,,,,
,,,,,,,,,,,,,,,,,,,,,,,,
,,,,,,,,,,,,,,,,,,,,,,,,
,,,,,,,,,,,,,,,,,,,,,,,,
,,,,,,,,,,,,,,,,,,,,,,,,
,,,,,,,,,,,,,,,,,,,,,,,,
,,,,,,,,,,,,,,,,,,,,,,,,
,,,,,,,,,,,,,,,,,,,,,,,,
,,,,,,,,,,,,,,,,,,,,,,,,
,,,,,,,,,,,,,,,,,,,,,,,,
,,,,,,,,,,,,,,,,,,,,,,,,
,,,,,,,,,,,,,,,,,,,,,,,,
,,,,,,,,,,,,,,,,,,,,,,,,
,,,,,,,,,,,,,,,,,,,,,,,,
,,,,,,,,,,,,,,,,,,,,,,,,
,,,,,,,,,,,,,,,,,,,,,,,,
,,,,,,,,,,,,,,,,,,,,,,,,
,,,,,,,,,,,,,,,,,,,,,,,,
,,,,,,,,,,,,,,,,,,,,,,,,
,,,,,,,,,,,,,,,,,,,,,,,,
,,,,,,,,,,,,,,,,,,,,,,,,
,,,,,,,,,,,,,,,,,,,,,,,,
,,,,,,,,,,,,,,,,,,,,,,,,
,,,,,,,,,,,,,,,,,,,,,,,,
,,,,,,,,,,,,,,,,,,,,,,,,
,,,,,,,,,,,,,,,,,,,,,,,,
,,,,,,,,,,,,,,,,,,,,,,,,
,,,,,,,,,,,,,,,,,,,,,,,,
,,,,,,,,,,,,,,,,,,,,,,,,
,,,,,,,,,,,,,,,,,,,,,,,,
,,,,,,,,,,,,,,,,,,,,,,,,
,,,,,,,,,,,,,,,,,,,,,,,,
,,,,,,,,,,,,,,,,,,,,,,,,
,,,,,,,,,,,,,,,,,,,,,,,,
,,,,,,,,,,,,,,,,,,,,,,,,
,,,,,,,,,,,,,,,,,,,,,,,,
,,,,,,,,,,,,,,,,,,,,,,,,
,,,,,,,,,,,,,,,,,,,,,,,,
,,,,,,,,,,,,,,,,,,,,,,,,
,,,,,,,,,,,,,,,,,,,,,,,,
,,,,,,,,,,,,,,,,,,,,,,,,
,,,,,,,,,,,,,,,,,,,,,,,,
,,,,,,,,,,,,,,,,,,,,,,,,
,,,,,,,,,,,,,,,,,,,,,,,,
,,,,,,,,,,,,,,,,,,,,,,,,
,,,,,,,,,,,,,,,,,,,,,,,,
,,,,,,,,,,,,,,,,,,,,,,,,
,,,,,,,,,,,,,,,,,,,,,,,,
,,,,,,,,,,,,,,,,,,,,,,,,
,,,,,,,,,,,,,,,,,,,,,,,,
,,,,,,,,,,,,,,,,,,,,,,,,
,,,,,,,,,,,,,,,,,,,,,,,,
,,,,,,,,,,,,,,,,,,,,,,,,
,,,,,,,,,,,,,,,,,,,,,,,,
,,,,,,,,,,,,,,,,,,,,,,,,
,,,,,,,,,,,,,,,,,,,,,,,,
,,,,,,,,,,,,,,,,,,,,,,,,
,,,,,,,,,,,,,,,,,,,,,,,,
,,,,,,,,,,,,,,,,,,,,,,,,
,,,,,,,,,,,,,,,,,,,,,,,,
,,,,,,,,,,,,,,,,,,,,,,,,
,,,,,,,,,,,,,,,,,,,,,,,,
,,,,,,,,,,,,,,,,,,,,,,,,
,,,,,,,,,,,,,,,,,,,,,,,,
,,,,,,,,,,,,,,,,,,,,,,,,
,,,,,,,,,,,,,,,,,,,,,,,,
,,,,,,,,,,,,,,,,,,,,,,,,
,,,,,,,,,,,,,,,,,,,,,,,,
,,,,,,,,,,,,,,,,,,,,,,,,
,,,,,,,,,,,,,,,,,,,,,,,,
,,,,,,,,,,,,,,,,,,,,,,,,
,,,,,,,,,,,,,,,,,,,,,,,,
,,,,,,,,,,,,,,,,,,,,,,,,
,,,,,,,,,,,,,,,,,,,,,,,,
,,,,,,,,,,,,,,,,,,,,,,,,
,,,,,,,,,,,,,,,,,,,,,,,,
,,,,,,,,,,,,,,,,,,,,,,,,
,,,,,,,,,,,,,,,,,,,,,,,,
,,,,,,,,,,,,,,,,,,,,,,,,
,,,,,,,,,,,,,,,,,,,,,,,,
,,,,,,,,,,,,,,,,,,,,,,,,
,,,,,,,,,,,,,,,,,,,,,,,,
,,,,,,,,,,,,,,,,,,,,,,,,
,,,,,,,,,,,,,,,,,,,,,,,,
,,,,,,,,,,,,,,,,,,,,,,,,
,,,,,,,,,,,,,,,,,,,,,,,,
,,,,,,,,,,,,,,,,,,,,,,,,
,,,,,,,,,,,,,,,,,,,,,,,,
,,,,,,,,,,,,,,,,,,,,,,,,
,,,,,,,,,,,,,,,,,,,,,,,,
,,,,,,,,,,,,,,,,,,,,,,,,
,,,,,,,,,,,,,,,,,,,,,,,,
,,,,,,,,,,,,,,,,,,,,,,,,
,,,,,,,,,,,,,,,,,,,,,,,,
,,,,,,,,,,,,,,,,,,,,,,,,
,,,,,,,,,,,,,,,,,,,,,,,,
,,,,,,,,,,,,,,,,,,,,,,,,
,,,,,,,,,,,,,,,,,,,,,,,,
,,,,,,,,,,,,,,,,,,,,,,,,
,,,,,,,,,,,,,,,,,,,,,,,,
,,,,,,,,,,,,,,,,,,,,,,,,
,,,,,,,,,,,,,,,,,,,,,,,,
,,,,,,,,,,,,,,,,,,,,,,,,
,,,,,,,,,,,,,,,,,,,,,,,,
,,,,,,,,,,,,,,,,,,,,,,,,
,,,,,,,,,,,,,,,,,,,,,,,,
,,,,,,,,,,,,,,,,,,,,,,,,
,,,,,,,,,,,,,,,,,,,,,,,,
,,,,,,,,,,,,,,,,,,,,,,,,
,,,,,,,,,,,,,,,,,,,,,,,,
,,,,,,,,,,,,,,,,,,,,,,,,
,,,,,,,,,,,,,,,,,,,,,,,,
,,,,,,,,,,,,,,,,,,,,,,,,
,,,,,,,,,,,,,,,,,,,,,,,,
,,,,,,,,,,,,,,,,,,,,,,,,
,,,,,,,,,,,,,,,,,,,,,,,,
,,,,,,,,,,,,,,,,,,,,,,,,
,,,,,,,,,,,,,,,,,,,,,,,,
,,,,,,,,,,,,,,,,,,,,,,,,
,,,,,,,,,,,,,,,,,,,,,,,,
,,,,,,,,,,,,,,,,,,,,,,,,
,,,,,,,,,,,,,,,,,,,,,,,,
,,,,,,,,,,,,,,,,,,,,,,,,
,,,,,,,,,,,,,,,,,,,,,,,,
,,,,,,,,,,,,,,,,,,,,,,,,
,,,,,,,,,,,,,,,,,,,,,,,,
,,,,,,,,,,,,,,,,,,,,,,,,
,,,,,,,,,,,,,,,,,,,,,,,,
,,,,,,,,,,,,,,,,,,,,,,,,
,,,,,,,,,,,,,,,,,,,,,,,,
,,,,,,,,,,,,,,,,,,,,,,,,
,,,,,,,,,,,,,,,,,,,,,,,,
,,,,,,,,,,,,,,,,,,,,,,,,
,,,,,,,,,,,,,,,,,,,,,,,,
,,,,,,,,,,,,,,,,,,,,,,,,
,,,,,,,,,,,,,,,,,,,,,,,,
,,,,,,,,,,,,,,,,,,,,,,,,
,,,,,,,,,,,,,,,,,,,,,,,,
,,,,,,,,,,,,,,,,,,,,,,,,
,,,,,,,,,,,,,,,,,,,,,,,,
,,,,,,,,,,,,,,,,,,,,,,,,
,,,,,,,,,,,,,,,,,,,,,,,,
,,,,,,,,,,,,,,,,,,,,,,,,
,,,,,,,,,,,,,,,,,,,,,,,,
,,,,,,,,,,,,,,,,,,,,,,,,
,,,,,,,,,,,,,,,,,,,,,,,,
,,,,,,,,,,,,,,,,,,,,,,,,
,,,,,,,,,,,,,,,,,,,,,,,,
,,,,,,,,,,,,,,,,,,,,,,,,
,,,,,,,,,,,,,,,,,,,,,,,,
,,,,,,,,,,,,,,,,,,,,,,,,
,,,,,,,,,,,,,,,,,,,,,,,,
,,,,,,,,,,,,,,,,,,,,,,,,
,,,,,,,,,,,,,,,,,,,,,,,,
,,,,,,,,,,,,,,,,,,,,,,,,
,,,,,,,,,,,,,,,,,,,,,,,,
,,,,,,,,,,,,,,,,,,,,,,,,
,,,,,,,,,,,,,,,,,,,,,,,,
,,,,,,,,,,,,,,,,,,,,,,,,
,,,,,,,,,,,,,,,,,,,,,,,,
,,,,,,,,,,,,,,,,,,,,,,,,
,,,,,,,,,,,,,,,,,,,,,,,,
,,,,,,,,,,,,,,,,,,,,,,,,
,,,,,,,,,,,,,,,,,,,,,,,,
,,,,,,,,,,,,,,,,,,,,,,,,
,,,,,,,,,,,,,,,,,,,,,,,,
,,,,,,,,,,,,,,,,,,,,,,,,
,,,,,,,,,,,,,,,,,,,,,,,,
,,,,,,,,,,,,,,,,,,,,,,,,
,,,,,,,,,,,,,,,,,,,,,,,,
,,,,,,,,,,,,,,,,,,,,,,,,
,,,,,,,,,,,,,,,,,,,,,,,,
,,,,,,,,,,,,,,,,,,,,,,,,
,,,,,,,,,,,,,,,,,,,,,,,,
,,,,,,,,,,,,,,,,,,,,,,,,
,,,,,,,,,,,,,,,,,,,,,,,,
,,,,,,,,,,,,,,,,,,,,,,,,
,,,,,,,,,,,,,,,,,,,,,,,,
,,,,,,,,,,,,,,,,,,,,,,,,
,,,,,,,,,,,,,,,,,,,,,,,,
,,,,,,,,,,,,,,,,,,,,,,,,
,,,,,,,,,,,,,,,,,,,,,,,,
,,,,,,,,,,,,,,,,,,,,,,,,
,,,,,,,,,,,,,,,,,,,,,,,,
,,,,,,,,,,,,,,,,,,,,,,,,
,,,,,,,,,,,,,,,,,,,,,,,,
,,,,,,,,,,,,,,,,,,,,,,,,
,,,,,,,,,,,,,,,,,,,,,,,,
,,,,,,,,,,,,,,,,,,,,,,,,
,,,,,,,,,,,,,,,,,,,,,,,,
,,,,,,,,,,,,,,,,,,,,,,,,
,,,,,,,,,,,,,,,,,,,,,,,,
,,,,,,,,,,,,,,,,,,,,,,,,
,,,,,,,,,,,,,,,,,,,,,,,,
,,,,,,,,,,,,,,,,,,,,,,,,
,,,,,,,,,,,,,,,,,,,,,,,,
,,,,,,,,,,,,,,,,,,,,,,,,
,,,,,,,,,,,,,,,,,,,,,,,,
,,,,,,,,,,,,,,,,,,,,,,,,
,,,,,,,,,,,,,,,,,,,,,,,,
,,,,,,,,,,,,,,,,,,,,,,,,
,,,,,,,,,,,,,,,,,,,,,,,,
,,,,,,,,,,,,,,,,,,,,,,,,
,,,,,,,,,,,,,,,,,,,,,,,,
,,,,,,,,,,,,,,,,,,,,,,,,
,,,,,,,,,,,,,,,,,,,,,,,,
,,,,,,,,,,,,,,,,,,,,,,,,
,,,,,,,,,,,,,,,,,,,,,,,,
,,,,,,,,,,,,,,,,,,,,,,,,
,,,,,,,,,,,,,,,,,,,,,,,,
,,,,,,,,,,,,,,,,,,,,,,,,
,,,,,,,,,,,,,,,,,,,,,,,,
,,,,,,,,,,,,,,,,,,,,,,,,
,,,,,,,,,,,,,,,,,,,,,,,,
,,,,,,,,,,,,,,,,,,,,,,,,
,,,,,,,,,,,,,,,,,,,,,,,,
,,,,,,,,,,,,,,,,,,,,,,,,
,,,,,,,,,,,,,,,,,,,,,,,,
,,,,,,,,,,,,,,,,,,,,,,,,
,,,,,,,,,,,,,,,,,,,,,,,,
,,,,,,,,,,,,,,,,,,,,,,,,
,,,,,,,,,,,,,,,,,,,,,,,,
,,,,,,,,,,,,,,,,,,,,,,,,
,,,,,,,,,,,,,,,,,,,,,,,,
,,,,,,,,,,,,,,,,,,,,,,,,
,,,,,,,,,,,,,,,,,,,,,,,,
,,,,,,,,,,,,,,,,,,,,,,,,
,,,,,,,,,,,,,,,,,,,,,,,,
,,,,,,,,,,,,,,,,,,,,,,,,
,,,,,,,,,,,,,,,,,,,,,,,,
,,,,,,,,,,,,,,,,,,,,,,,,
,,,,,,,,,,,,,,,,,,,,,,,,
,,,,,,,,,,,,,,,,,,,,,,,,
,,,,,,,,,,,,,,,,,,,,,,,,
,,,,,,,,,,,,,,,,,,,,,,,,
,,,,,,,,,,,,,,,,,,,,,,,,
,,,,,,,,,,,,,,,,,,,,,,,,
,,,,,,,,,,,,,,,,,,,,,,,,
,,,,,,,,,,,,,,,,,,,,,,,,
,,,,,,,,,,,,,,,,,,,,,,,,
,,,,,,,,,,,,,,,,,,,,,,,,
,,,,,,,,,,,,,,,,,,,,,,,,
,,,,,,,,,,,,,,,,,,,,,,,,
,,,,,,,,,,,,,,,,,,,,,,,,
,,,,,,,,,,,,,,,,,,,,,,,,
,,,,,,,,,,,,,,,,,,,,,,,,
,,,,,,,,,,,,,,,,,,,,,,,,
,,,,,,,,,,,,,,,,,,,,,,,,
,,,,,,,,,,,,,,,,,,,,,,,,
,,,,,,,,,,,,,,,,,,,,,,,,
,,,,,,,,,,,,,,,,,,,,,,,,
,,,,,,,,,,,,,,,,,,,,,,,,
,,,,,,,,,,,,,,,,,,,,,,,,
,,,,,,,,,,,,,,,,,,,,,,,,
,,,,,,,,,,,,,,,,,,,,,,,,
,,,,,,,,,,,,,,,,,,,,,,,,
,,,,,,,,,,,,,,,,,,,,,,,,
,,,,,,,,,,,,,,,,,,,,,,,,
,,,,,,,,,,,,,,,,,,,,,,,,
,,,,,,,,,,,,,,,,,,,,,,,,
,,,,,,,,,,,,,,,,,,,,,,,,
,,,,,,,,,,,,,,,,,,,,,,,,
,,,,,,,,,,,,,,,,,,,,,,,,
,,,,,,,,,,,,,,,,,,,,,,,,
,,,,,,,,,,,,,,,,,,,,,,,,
,,,,,,,,,,,,,,,,,,,,,,,,
,,,,,,,,,,,,,,,,,,,,,,,,
,,,,,,,,,,,,,,,,,,,,,,,,
,,,,,,,,,,,,,,,,,,,,,,,,
,,,,,,,,,,,,,,,,,,,,,,,,
,,,,,,,,,,,,,,,,,,,,,,,,
,,,,,,,,,,,,,,,,,,,,,,,,
,,,,,,,,,,,,,,,,,,,,,,,,
,,,,,,,,,,,,,,,,,,,,,,,,
,,,,,,,,,,,,,,,,,,,,,,,,
,,,,,,,,,,,,,,,,,,,,,,,,
,,,,,,,,,,,,,,,,,,,,,,,,
,,,,,,,,,,,,,,,,,,,,,,,,
,,,,,,,,,,,,,,,,,,,,,,,,
,,,,,,,,,,,,,,,,,,,,,,,,
,,,,,,,,,,,,,,,,,,,,,,,,
,,,,,,,,,,,,,,,,,,,,,,,,
,,,,,,,,,,,,,,,,,,,,,,,,
,,,,,,,,,,,,,,,,,,,,,,,,
,,,,,,,,,,,,,,,,,,,,,,,,
,,,,,,,,,,,,,,,,,,,,,,,,
,,,,,,,,,,,,,,,,,,,,,,,,
,,,,,,,,,,,,,,,,,,,,,,,,
,,,,,,,,,,,,,,,,,,,,,,,,
,,,,,,,,,,,,,,,,,,,,,,,,
,,,,,,,,,,,,,,,,,,,,,,,,
,,,,,,,,,,,,,,,,,,,,,,,,
,,,,,,,,,,,,,,,,,,,,,,,,
,,,,,,,,,,,,,,,,,,,,,,,,
,,,,,,,,,,,,,,,,,,,,,,,,
,,,,,,,,,,,,,,,,,,,,,,,,
,,,,,,,,,,,,,,,,,,,,,,,,
,,,,,,,,,,,,,,,,,,,,,,,,
,,,,,,,,,,,,,,,,,,,,,,,,
,,,,,,,,,,,,,,,,,,,,,,,,
,,,,,,,,,,,,,,,,,,,,,,,,
,,,,,,,,,,,,,,,,,,,,,,,,
,,,,,,,,,,,,,,,,,,,,,,,,
,,,,,,,,,,,,,,,,,,,,,,,,
,,,,,,,,,,,,,,,,,,,,,,,,
,,,,,,,,,,,,,,,,,,,,,,,,
,,,,,,,,,,,,,,,,,,,,,,,,
,,,,,,,,,,,,,,,,,,,,,,,,
,,,,,,,,,,,,,,,,,,,,,,,,
,,,,,,,,,,,,,,,,,,,,,,,,
,,,,,,,,,,,,,,,,,,,,,,,,
,,,,,,,,,,,,,,,,,,,,,,,,
,,,,,,,,,,,,,,,,,,,,,,,,
,,,,,,,,,,,,,,,,,,,,,,,,
,,,,,,,,,,,,,,,,,,,,,,,,
,,,,,,,,,,,,,,,,,,,,,,,,
,,,,,,,,,,,,,,,,,,,,,,,,
,,,,,,,,,,,,,,,,,,,,,,,,
,,,,,,,,,,,,,,,,,,,,,,,,
,,,,,,,,,,,,,,,,,,,,,,,,
,,,,,,,,,,,,,,,,,,,,,,,,
,,,,,,,,,,,,,,,,,,,,,,,,
,,,,,,,,,,,,,,,,,,,,,,,,
,,,,,,,,,,,,,,,,,,,,,,,,
,,,,,,,,,,,,,,,,,,,,,,,,
,,,,,,,,,,,,,,,,,,,,,,,,
,,,,,,,,,,,,,,,,,,,,,,,,
,,,,,,,,,,,,,,,,,,,,,,,,
,,,,,,,,,,,,,,,,,,,,,,,,
,,,,,,,,,,,,,,,,,,,,,,,,
,,,,,,,,,,,,,,,,,,,,,,,,
,,,,,,,,,,,,,,,,,,,,,,,,
,,,,,,,,,,,,,,,,,,,,,,,,
,,,,,,,,,,,,,,,,,,,,,,,,
,,,,,,,,,,,,,,,,,,,,,,,,
,,,,,,,,,,,,,,,,,,,,,,,,
,,,,,,,,,,,,,,,,,,,,,,,,
,,,,,,,,,,,,,,,,,,,,,,,,
,,,,,,,,,,,,,,,,,,,,,,,,
,,,,,,,,,,,,,,,,,,,,,,,,
,,,,,,,,,,,,,,,,,,,,,,,,
,,,,,,,,,,,,,,,,,,,,,,,,
,,,,,,,,,,,,,,,,,,,,,,,,
,,,,,,,,,,,,,,,,,,,,,,,,
,,,,,,,,,,,,,,,,,,,,,,,,
,,,,,,,,,,,,,,,,,,,,,,,,
,,,,,,,,,,,,,,,,,,,,,,,,
,,,,,,,,,,,,,,,,,,,,,,,,
,,,,,,,,,,,,,,,,,,,,,,,,
,,,,,,,,,,,,,,,,,,,,,,,,
,,,,,,,,,,,,,,,,,,,,,,,,
,,,,,,,,,,,,,,,,,,,,,,,,
,,,,,,,,,,,,,,,,,,,,,,,,
,,,,,,,,,,,,,,,,,,,,,,,,
,,,,,,,,,,,,,,,,,,,,,,,,
,,,,,,,,,,,,,,,,,,,,,,,,
,,,,,,,,,,,,,,,,,,,,,,,,
,,,,,,,,,,,,,,,,,,,,,,,,
,,,,,,,,,,,,,,,,,,,,,,,,
,,,,,,,,,,,,,,,,,,,,,,,,
,,,,,,,,,,,,,,,,,,,,,,,,
,,,,,,,,,,,,,,,,,,,,,,,,
,,,,,,,,,,,,,,,,,,,,,,,,
,,,,,,,,,,,,,,,,,,,,,,,,
,,,,,,,,,,,,,,,,,,,,,,,,
,,,,,,,,,,,,,,,,,,,,,,,,
,,,,,,,,,,,,,,,,,,,,,,,,
,,,,,,,,,,,,,,,,,,,,,,,,
,,,,,,,,,,,,,,,,,,,,,,,,
,,,,,,,,,,,,,,,,,,,,,,,,
,,,,,,,,,,,,,,,,,,,,,,,,
,,,,,,,,,,,,,,,,,,,,,,,,
,,,,,,,,,,,,,,,,,,,,,,,,
,,,,,,,,,,,,,,,,,,,,,,,,
,,,,,,,,,,,,,,,,,,,,,,,,
,,,,,,,,,,,,,,,,,,,,,,,,
,,,,,,,,,,,,,,,,,,,,,,,,
,,,,,,,,,,,,,,,,,,,,,,,,
,,,,,,,,,,,,,,,,,,,,,,,,
,,,,,,,,,,,,,,,,,,,,,,,,
,,,,,,,,,,,,,,,,,,,,,,,,
,,,,,,,,,,,,,,,,,,,,,,,,
,,,,,,,,,,,,,,,,,,,,,,,,
,,,,,,,,,,,,,,,,,,,,,,,,
,,,,,,,,,,,,,,,,,,,,,,,,
,,,,,,,,,,,,,,,,,,,,,,,,
,,,,,,,,,,,,,,,,,,,,,,,,
,,,,,,,,,,,,,,,,,,,,,,,,
,,,,,,,,,,,,,,,,,,,,,,,,
,,,,,,,,,,,,,,,,,,,,,,,,
,,,,,,,,,,,,,,,,,,,,,,,,
,,,,,,,,,,,,,,,,,,,,,,,,
,,,,,,,,,,,,,,,,,,,,,,,,
,,,,,,,,,,,,,,,,,,,,,,,,
,,,,,,,,,,,,,,,,,,,,,,,,
,,,,,,,,,,,,,,,,,,,,,,,,
,,,,,,,,,,,,,,,,,,,,,,,,
,,,,,,,,,,,,,,,,,,,,,,,,
,,,,,,,,,,,,,,,,,,,,,,,,
,,,,,,,,,,,,,,,,,,,,,,,,
,,,,,,,,,,,,,,,,,,,,,,,,
,,,,,,,,,,,,,,,,,,,,,,,,
,,,,,,,,,,,,,,,,,,,,,,,,
,,,,,,,,,,,,,,,,,,,,,,,,
,,,,,,,,,,,,,,,,,,,,,,,,
,,,,,,,,,,,,,,,,,,,,,,,,
,,,,,,,,,,,,,,,,,,,,,,,,
,,,,,,,,,,,,,,,,,,,,,,,,
,,,,,,,,,,,,,,,,,,,,,,,,
,,,,,,,,,,,,,,,,,,,,,,,,
,,,,,,,,,,,,,,,,,,,,,,,,
,,,,,,,,,,,,,,,,,,,,,,,,
,,,,,,,,,,,,,,,,,,,,,,,,
,,,,,,,,,,,,,,,,,,,,,,,,
,,,,,,,,,,,,,,,,,,,,,,,,
,,,,,,,,,,,,,,,,,,,,,,,,
,,,,,,,,,,,,,,,,,,,,,,,,
,,,,,,,,,,,,,,,,,,,,,,,,
,,,,,,,,,,,,,,,,,,,,,,,,
,,,,,,,,,,,,,,,,,,,,,,,,
,,,,,,,,,,,,,,,,,,,,,,,,
,,,,,,,,,,,,,,,,,,,,,,,,
,,,,,,,,,,,,,,,,,,,,,,,,
,,,,,,,,,,,,,,,,,,,,,,,,
,,,,,,,,,,,,,,,,,,,,,,,,
,,,,,,,,,,,,,,,,,,,,,,,,
,,,,,,,,,,,,,,,,,,,,,,,,
,,,,,,,,,,,,,,,,,,,,,,,,
,,,,,,,,,,,,,,,,,,,,,,,,
,,,,,,,,,,,,,,,,,,,,,,,,
,,,,,,,,,,,,,,,,,,,,,,,,
,,,,,,,,,,,,,,,,,,,,,,,,
,,,,,,,,,,,,,,,,,,,,,,,,
,,,,,,,,,,,,,,,,,,,,,,,,
,,,,,,,,,,,,,,,,,,,,,,,,
,,,,,,,,,,,,,,,,,,,,,,,,
,,,,,,,,,,,,,,,,,,,,,,,,
,,,,,,,,,,,,,,,,,,,,,,,,
,,,,,,,,,,,,,,,,,,,,,,,,
,,,,,,,,,,,,,,,,,,,,,,,,
,,,,,,,,,,,,,,,,,,,,,,,,
,,,,,,,,,,,,,,,,,,,,,,,,
,,,,,,,,,,,,,,,,,,,,,,,,
,,,,,,,,,,,,,,,,,,,,,,,,
,,,,,,,,,,,,,,,,,,,,,,,,
,,,,,,,,,,,,,,,,,,,,,,,,
,,,,,,,,,,,,,,,,,,,,,,,,
,,,,,,,,,,,,,,,,,,,,,,,,
,,,,,,,,,,,,,,,,,,,,,,,,
,,,,,,,,,,,,,,,,,,,,,,,,
,,,,,,,,,,,,,,,,,,,,,,,,
,,,,,,,,,,,,,,,,,,,,,,,,
,,,,,,,,,,,,,,,,,,,,,,,,
,,,,,,,,,,,,,,,,,,,,,,,,
,,,,,,,,,,,,,,,,,,,,,,,,
,,,,,,,,,,,,,,,,,,,,,,,,
,,,,,,,,,,,,,,,,,,,,,,,,
,,,,,,,,,,,,,,,,,,,,,,,,
,,,,,,,,,,,,,,,,,,,,,,,,
,,,,,,,,,,,,,,,,,,,,,,,,
,,,,,,,,,,,,,,,,,,,,,,,,
,,,,,,,,,,,,,,,,,,,,,,,,
,,,,,,,,,,,,,,,,,,,,,,,,
,,,,,,,,,,,,,,,,,,,,,,,,
,,,,,,,,,,,,,,,,,,,,,,,,
,,,,,,,,,,,,,,,,,,,,,,,,
,,,,,,,,,,,,,,,,,,,,,,,,
,,,,,,,,,,,,,,,,,,,,,,,,
,,,,,,,,,,,,,,,,,,,,,,,,
,,,,,,,,,,,,,,,,,,,,,,,,
,,,,,,,,,,,,,,,,,,,,,,,,
,,,,,,,,,,,,,,,,,,,,,,,,
,,,,,,,,,,,,,,,,,,,,,,,,
,,,,,,,,,,,,,,,,,,,,,,,,
,,,,,,,,,,,,,,,,,,,,,,,,
,,,,,,,,,,,,,,,,,,,,,,,,
,,,,,,,,,,,,,,,,,,,,,,,,
,,,,,,,,,,,,,,,,,,,,,,,,
,,,,,,,,,,,,,,,,,,,,,,,,
,,,,,,,,,,,,,,,,,,,,,,,,
,,,,,,,,,,,,,,,,,,,,,,,,
,,,,,,,,,,,,,,,,,,,,,,,,
,,,,,,,,,,,,,,,,,,,,,,,,
,,,,,,,,,,,,,,,,,,,,,,,,
,,,,,,,,,,,,,,,,,,,,,,,,
,,,,,,,,,,,,,,,,,,,,,,,,
,,,,,,,,,,,,,,,,,,,,,,,,
,,,,,,,,,,,,,,,,,,,,,,,,
,,,,,,,,,,,,,,,,,,,,,,,,
,,,,,,,,,,,,,,,,,,,,,,,,
,,,,,,,,,,,,,,,,,,,,,,,,
,,,,,,,,,,,,,,,,,,,,,,,,
,,,,,,,,,,,,,,,,,,,,,,,,
,,,,,,,,,,,,,,,,,,,,,,,,
,,,,,,,,,,,,,,,,,,,,,,,,
,,,,,,,,,,,,,,,,,,,,,,,,
,,,,,,,,,,,,,,,,,,,,,,,,
,,,,,,,,,,,,,,,,,,,,,,,,
,,,,,,,,,,,,,,,,,,,,,,,,
,,,,,,,,,,,,,,,,,,,,,,,,
,,,,,,,,,,,,,,,,,,,,,,,,
,,,,,,,,,,,,,,,,,,,,,,,,
,,,,,,,,,,,,,,,,,,,,,,,,
,,,,,,,,,,,,,,,,,,,,,,,,
,,,,,,,,,,,,,,,,,,,,,,,,
,,,,,,,,,,,,,,,,,,,,,,,,
,,,,,,,,,,,,,,,,,,,,,,,,
,,,,,,,,,,,,,,,,,,,,,,,,
,,,,,,,,,,,,,,,,,,,,,,,,
,,,,,,,,,,,,,,,,,,,,,,,,
,,,,,,,,,,,,,,,,,,,,,,,,